column,missing_count,missing_percentage
micro_arousal_index_std,3,0.06382978723404255
n2_percentage_std,3,0.06382978723404255
confidence_tst_std,3,0.06382978723404255
confidence_wake_duration_std,3,0.06382978723404255
confidence_waso_std,3,0.06382978723404255
confidence_waso_aasm_std,3,0.06382978723404255
lps_std,3,0.06382978723404255
lrem4_std,3,0.06382978723404255
n1_duration_std,3,0.06382978723404255
n1_percentage_std,3,0.06382978723404255
n2_duration_std,3,0.06382978723404255
n2_latency_aasm_std,3,0.06382978723404255
n3_duration_std,3,0.06382978723404255
record_duration_std,3,0.06382978723404255
n3_latency_aasm_std,3,0.06382978723404255
n3_percentage_std,3,0.06382978723404255
nr_of_shifts_std,3,0.06382978723404255
nrem_duration_std,3,0.06382978723404255
proportion_off_head_std,3,0.06382978723404255
proportion_scorable_and_on_head_std,3,0.06382978723404255
quality_index_F7_O1_std,3,0.06382978723404255
quality_index_F7_O2_std,3,0.06382978723404255
quality_index_F8_F7_std,3,0.06382978723404255
quality_index_F8_O1_std,3,0.06382978723404255
confidence_sol_aasm_std,3,0.06382978723404255
confidence_sol_std,3,0.06382978723404255
confidence_sleep_onset_std,3,0.06382978723404255
confidence_sleep_efficiency_std,3,0.06382978723404255
average_respiration_rate_std,3,0.06382978723404255
awakenings_std,3,0.06382978723404255
confidence_awakenings_std,3,0.06382978723404255
confidence_last_sleep_std,3,0.06382978723404255
confidence_lps_std,3,0.06382978723404255
confidence_lrem4_std,3,0.06382978723404255
confidence_n1_duration_std,3,0.06382978723404255
confidence_n1_percentage_std,3,0.06382978723404255
confidence_n2_duration_std,3,0.06382978723404255
confidence_n2_latency_aasm_std,3,0.06382978723404255
confidence_n2_percentage_std,3,0.06382978723404255
confidence_n3_duration_std,3,0.06382978723404255
confidence_n3_latency_aasm_std,3,0.06382978723404255
confidence_n3_percentage_std,3,0.06382978723404255
confidence_nr_of_shifts_std,3,0.06382978723404255
confidence_nrem_duration_std,3,0.06382978723404255
confidence_nrem_percentage_std,3,0.06382978723404255
confidence_rem_duration_std,3,0.06382978723404255
confidence_rem_latency_std,3,0.06382978723404255
confidence_rem_latency_aasm_std,3,0.06382978723404255
confidence_rem_percentage_std,3,0.06382978723404255
quality_index_F8_O2_std,3,0.06382978723404255
nrem_percentage_std,3,0.06382978723404255
record_quality_index_std,3,0.06382978723404255
respiration_rate_wake_std,3,0.06382978723404255
rem_duration_std,3,0.06382978723404255
waso_aasm_std,3,0.06382978723404255
waso_std,3,0.06382978723404255
wake_duration_std,3,0.06382978723404255
tst_std,3,0.06382978723404255
sol_std,3,0.06382978723404255
sleep_efficiency_std,3,0.06382978723404255
sol_aasm_std,3,0.06382978723404255
respiration_rate_rem_std,3,0.06382978723404255
respiration_rate_n2_std,3,0.06382978723404255
respiration_rate_n1_std,3,0.06382978723404255
rem_percentage_std,3,0.06382978723404255
rem_latency_aasm_std,3,0.06382978723404255
respiration_rate_n3_std,3,0.06382978723404255
rem_latency_std,3,0.06382978723404255
n3_latency_aasm_min,1,0.02127659574468085
sol_aasm_min,1,0.02127659574468085
nr_of_shifts_min,1,0.02127659574468085
n3_percentage_min,1,0.02127659574468085
n1_percentage_min,1,0.02127659574468085
n2_percentage_min,1,0.02127659574468085
n2_latency_aasm_min,1,0.02127659574468085
sol_median,1,0.02127659574468085
lrem4_min,1,0.02127659574468085
sol_aasm_median,1,0.02127659574468085
confidence_last_sleep_max,1,0.02127659574468085
respiration_rate_rem_median,1,0.02127659574468085
respiration_rate_n3_median,1,0.02127659574468085
respiration_rate_n2_median,1,0.02127659574468085
respiration_rate_n1_median,1,0.02127659574468085
rem_percentage_median,1,0.02127659574468085
rem_latency_aasm_median,1,0.02127659574468085
rem_latency_median,1,0.02127659574468085
confidence_sol_aasm_min,1,0.02127659574468085
confidence_lps_max,1,0.02127659574468085
confidence_lrem4_max,1,0.02127659574468085
confidence_n1_percentage_max,1,0.02127659574468085
lps_min,1,0.02127659574468085
rem_percentage_min,1,0.02127659574468085
confidence_sol_min,1,0.02127659574468085
confidence_sleep_onset_min,1,0.02127659574468085
confidence_n2_percentage_max,1,0.02127659574468085
sol_min,1,0.02127659574468085
respiration_rate_rem_min,1,0.02127659574468085
confidence_last_sleep_min,1,0.02127659574468085
confidence_lps_min,1,0.02127659574468085
confidence_lrem4_min,1,0.02127659574468085
respiration_rate_n3_min,1,0.02127659574468085
confidence_n1_percentage_min,1,0.02127659574468085
respiration_rate_n2_min,1,0.02127659574468085
confidence_n2_latency_aasm_min,1,0.02127659574468085
confidence_n2_percentage_min,1,0.02127659574468085
respiration_rate_n1_min,1,0.02127659574468085
confidence_n3_latency_aasm_min,1,0.02127659574468085
confidence_n3_percentage_min,1,0.02127659574468085
confidence_nr_of_shifts_min,1,0.02127659574468085
confidence_nrem_percentage_min,1,0.02127659574468085
rem_latency_aasm_min,1,0.02127659574468085
confidence_rem_latency_min,1,0.02127659574468085
confidence_rem_latency_aasm_min,1,0.02127659574468085
confidence_rem_percentage_min,1,0.02127659574468085
rem_latency_min,1,0.02127659574468085
confidence_n2_latency_aasm_max,1,0.02127659574468085
nrem_percentage_min,1,0.02127659574468085
nrem_percentage_median,1,0.02127659574468085
lps_max,1,0.02127659574468085
lrem4_mean,1,0.02127659574468085
n1_percentage_mean,1,0.02127659574468085
n2_latency_aasm_mean,1,0.02127659574468085
n2_percentage_mean,1,0.02127659574468085
n3_latency_aasm_mean,1,0.02127659574468085
n3_percentage_mean,1,0.02127659574468085
nr_of_shifts_mean,1,0.02127659574468085
nrem_percentage_mean,1,0.02127659574468085
nrem_percentage_max,1,0.02127659574468085
nr_of_shifts_max,1,0.02127659574468085
n3_percentage_max,1,0.02127659574468085
n3_latency_aasm_max,1,0.02127659574468085
n2_latency_aasm_max,1,0.02127659574468085
rem_latency_mean,1,0.02127659574468085
rem_latency_aasm_mean,1,0.02127659574468085
rem_percentage_mean,1,0.02127659574468085
respiration_rate_n1_mean,1,0.02127659574468085
respiration_rate_n2_mean,1,0.02127659574468085
respiration_rate_n3_mean,1,0.02127659574468085
respiration_rate_rem_mean,1,0.02127659574468085
n1_percentage_max,1,0.02127659574468085
sol_mean,1,0.02127659574468085
sol_aasm_mean,1,0.02127659574468085
lps_mean,1,0.02127659574468085
rem_latency_max,1,0.02127659574468085
confidence_sol_aasm_mean,1,0.02127659574468085
respiration_rate_n2_max,1,0.02127659574468085
sol_aasm_max,1,0.02127659574468085
sol_max,1,0.02127659574468085
confidence_last_sleep_mean,1,0.02127659574468085
confidence_lps_mean,1,0.02127659574468085
confidence_lrem4_mean,1,0.02127659574468085
respiration_rate_rem_max,1,0.02127659574468085
confidence_n1_percentage_mean,1,0.02127659574468085
respiration_rate_n3_max,1,0.02127659574468085
confidence_n2_latency_aasm_mean,1,0.02127659574468085
confidence_n2_percentage_mean,1,0.02127659574468085
confidence_n3_latency_aasm_mean,1,0.02127659574468085
confidence_sol_mean,1,0.02127659574468085
confidence_n3_percentage_mean,1,0.02127659574468085
confidence_nr_of_shifts_mean,1,0.02127659574468085
respiration_rate_n1_max,1,0.02127659574468085
confidence_nrem_percentage_mean,1,0.02127659574468085
rem_percentage_max,1,0.02127659574468085
confidence_rem_latency_mean,1,0.02127659574468085
confidence_rem_latency_aasm_mean,1,0.02127659574468085
confidence_rem_percentage_mean,1,0.02127659574468085
rem_latency_aasm_max,1,0.02127659574468085
confidence_sleep_onset_mean,1,0.02127659574468085
lrem4_max,1,0.02127659574468085
n2_percentage_max,1,0.02127659574468085
confidence_rem_latency_median,1,0.02127659574468085
confidence_n3_latency_aasm_max,1,0.02127659574468085
confidence_rem_latency_aasm_median,1,0.02127659574468085
confidence_rem_percentage_median,1,0.02127659574468085
confidence_rem_percentage_max,1,0.02127659574468085
confidence_sleep_onset_median,1,0.02127659574468085
confidence_sol_median,1,0.02127659574468085
confidence_sol_aasm_median,1,0.02127659574468085
n3_percentage_median,1,0.02127659574468085
n3_latency_aasm_median,1,0.02127659574468085
confidence_rem_latency_aasm_max,1,0.02127659574468085
confidence_sleep_onset_max,1,0.02127659574468085
confidence_rem_latency_max,1,0.02127659574468085
n2_percentage_median,1,0.02127659574468085
n2_latency_aasm_median,1,0.02127659574468085
confidence_n3_percentage_max,1,0.02127659574468085
confidence_nrem_percentage_max,1,0.02127659574468085
lps_median,1,0.02127659574468085
n1_percentage_median,1,0.02127659574468085
confidence_nr_of_shifts_max,1,0.02127659574468085
confidence_nrem_percentage_median,1,0.02127659574468085
lrem4_median,1,0.02127659574468085
confidence_lps_median,1,0.02127659574468085
confidence_n3_latency_aasm_median,1,0.02127659574468085
confidence_n2_latency_aasm_median,1,0.02127659574468085
confidence_n2_percentage_median,1,0.02127659574468085
confidence_n1_percentage_median,1,0.02127659574468085
confidence_sol_max,1,0.02127659574468085
confidence_lrem4_median,1,0.02127659574468085
nr_of_shifts_median,1,0.02127659574468085
confidence_sol_aasm_max,1,0.02127659574468085
confidence_n3_percentage_median,1,0.02127659574468085
confidence_nr_of_shifts_median,1,0.02127659574468085
confidence_last_sleep_median,1,0.02127659574468085
confidence_awakenings_max,0,0.0
tst_max,0,0.0
proportion_off_head_min,0,0.0
quality_index_F7_O1_min,0,0.0
wake_duration_max,0,0.0
waso_max,0,0.0
proportion_scorable_and_on_head_min,0,0.0
sleep_efficiency_max,0,0.0
rem_duration_min,0,0.0
quality_index_F8_F7_min,0,0.0
confidence_n2_duration_max,0,0.0
record_quality_index_min,0,0.0
record_duration_min,0,0.0
quality_index_F8_O2_min,0,0.0
confidence_n1_duration_max,0,0.0
confidence_nrem_duration_max,0,0.0
respiration_rate_wake_max,0,0.0
quality_index_F8_O1_min,0,0.0
quality_index_F7_O2_min,0,0.0
confidence_waso_aasm_max,0,0.0
respiration_rate_wake_min,0,0.0
average_respiration_rate_max,0,0.0
waso_aasm_min,0,0.0
n1_duration_max,0,0.0
confidence_waso_max,0,0.0
confidence_wake_duration_max,0,0.0
n2_duration_max,0,0.0
confidence_tst_max,0,0.0
confidence_n3_duration_max,0,0.0
n3_duration_max,0,0.0
nrem_duration_max,0,0.0
proportion_off_head_max,0,0.0
proportion_scorable_and_on_head_max,0,0.0
quality_index_F7_O1_max,0,0.0
confidence_sleep_efficiency_max,0,0.0
quality_index_F7_O2_max,0,0.0
quality_index_F8_F7_max,0,0.0
quality_index_F8_O1_max,0,0.0
quality_index_F8_O2_max,0,0.0
record_duration_max,0,0.0
record_quality_index_max,0,0.0
sleep_efficiency_min,0,0.0
micro_arousal_index_max,0,0.0
rem_duration_max,0,0.0
confidence_rem_duration_max,0,0.0
tst_min,0,0.0
wake_duration_min,0,0.0
waso_min,0,0.0
awakenings_max,0,0.0
patient_id,0,0.0
nrem_duration_min,0,0.0
respiration_rate_wake_mean,0,0.0
proportion_scorable_and_on_head_mean,0,0.0
quality_index_F7_O1_mean,0,0.0
quality_index_F7_O2_mean,0,0.0
quality_index_F8_F7_mean,0,0.0
quality_index_F8_O1_mean,0,0.0
quality_index_F8_O2_mean,0,0.0
record_duration_mean,0,0.0
record_quality_index_mean,0,0.0
rem_duration_mean,0,0.0
sleep_efficiency_mean,0,0.0
n3_duration_min,0,0.0
tst_mean,0,0.0
wake_duration_mean,0,0.0
waso_mean,0,0.0
waso_aasm_mean,0,0.0
average_respiration_rate_median,0,0.0
awakenings_median,0,0.0
confidence_awakenings_median,0,0.0
confidence_n1_duration_median,0,0.0
confidence_n2_duration_median,0,0.0
proportion_off_head_mean,0,0.0
nrem_duration_mean,0,0.0
n3_duration_mean,0,0.0
n2_duration_mean,0,0.0
sex,0,0.0
age,0,0.0
diagnosis,0,0.0
binary_target,0,0.0
average_respiration_rate_mean,0,0.0
awakenings_mean,0,0.0
confidence_awakenings_mean,0,0.0
confidence_n1_duration_mean,0,0.0
confidence_n2_duration_mean,0,0.0
confidence_n3_duration_mean,0,0.0
confidence_nrem_duration_mean,0,0.0
confidence_rem_duration_mean,0,0.0
confidence_sleep_efficiency_mean,0,0.0
confidence_tst_mean,0,0.0
confidence_wake_duration_mean,0,0.0
confidence_waso_mean,0,0.0
confidence_waso_aasm_mean,0,0.0
micro_arousal_index_mean,0,0.0
n1_duration_mean,0,0.0
confidence_n3_duration_median,0,0.0
confidence_nrem_duration_median,0,0.0
confidence_rem_duration_median,0,0.0
tst_median,0,0.0
waso_median,0,0.0
waso_aasm_median,0,0.0
NRID,0,0.0
average_respiration_rate_min,0,0.0
awakenings_min,0,0.0
confidence_awakenings_min,0,0.0
confidence_n1_duration_min,0,0.0
confidence_n2_duration_min,0,0.0
confidence_n3_duration_min,0,0.0
confidence_nrem_duration_min,0,0.0
confidence_rem_duration_min,0,0.0
confidence_sleep_efficiency_min,0,0.0
confidence_tst_min,0,0.0
confidence_wake_duration_min,0,0.0
confidence_waso_min,0,0.0
confidence_waso_aasm_min,0,0.0
micro_arousal_index_min,0,0.0
n1_duration_min,0,0.0
n2_duration_min,0,0.0
wake_duration_median,0,0.0
sleep_efficiency_median,0,0.0
confidence_sleep_efficiency_median,0,0.0
respiration_rate_wake_median,0,0.0
confidence_tst_median,0,0.0
confidence_wake_duration_median,0,0.0
confidence_waso_median,0,0.0
confidence_waso_aasm_median,0,0.0
micro_arousal_index_median,0,0.0
n1_duration_median,0,0.0
n2_duration_median,0,0.0
n3_duration_median,0,0.0
nrem_duration_median,0,0.0
proportion_off_head_median,0,0.0
proportion_scorable_and_on_head_median,0,0.0
quality_index_F7_O1_median,0,0.0
quality_index_F7_O2_median,0,0.0
quality_index_F8_F7_median,0,0.0
quality_index_F8_O1_median,0,0.0
quality_index_F8_O2_median,0,0.0
record_duration_median,0,0.0
record_quality_index_median,0,0.0
rem_duration_median,0,0.0
waso_aasm_max,0,0.0
