model,fold_id,best_score_inner,best_params
logistic_regression,1,0.7833333333333333,"{'select__k': 30, 'model__solver': 'liblinear', 'model__penalty': 'l2', 'model__C': np.float64(0.01)}"
logistic_regression,2,0.6,"{'select__k': 50, 'model__solver': 'liblinear', 'model__penalty': 'l1', 'model__C': np.float64(10.0)}"
logistic_regression,3,0.7870370370370369,"{'select__k': 50, 'model__solver': 'liblinear', 'model__penalty': 'l2', 'model__C': np.float64(0.01)}"
logistic_regression,4,0.75,"{'select__k': 50, 'model__solver': 'liblinear', 'model__penalty': 'l1', 'model__C': np.float64(31.622776601683793)}"
logistic_regression,5,0.7574074074074074,"{'select__k': 10, 'model__solver': 'liblinear', 'model__penalty': 'l1', 'model__C': np.float64(3.1622776601683795)}"
logistic_regression,6,0.7407407407407408,"{'select__k': 50, 'model__solver': 'liblinear', 'model__penalty': 'l2', 'model__C': np.float64(1.0)}"
logistic_regression,7,0.7185185185185184,"{'select__k': 10, 'model__solver': 'liblinear', 'model__penalty': 'l2', 'model__C': np.float64(0.01)}"
logistic_regression,8,0.6037037037037036,"{'select__k': 30, 'model__solver': 'liblinear', 'model__penalty': 'l2', 'model__C': np.float64(31.622776601683793)}"
logistic_regression,9,0.6722222222222222,"{'select__k': 30, 'model__solver': 'liblinear', 'model__penalty': 'l2', 'model__C': np.float64(10.0)}"
logistic_regression,10,0.7259259259259259,"{'select__k': 50, 'model__solver': 'liblinear', 'model__penalty': 'l2', 'model__C': np.float64(31.622776601683793)}"
logistic_regression,11,0.75,"{'select__k': 50, 'model__solver': 'liblinear', 'model__penalty': 'l2', 'model__C': np.float64(0.01)}"
logistic_regression,12,0.7555555555555555,"{'select__k': 30, 'model__solver': 'liblinear', 'model__penalty': 'l2', 'model__C': np.float64(0.01)}"
logistic_regression,13,0.7351851851851853,"{'select__k': 50, 'model__solver': 'liblinear', 'model__penalty': 'l1', 'model__C': np.float64(0.31622776601683794)}"
logistic_regression,14,0.825925925925926,"{'select__k': 10, 'model__solver': 'liblinear', 'model__penalty': 'l2', 'model__C': np.float64(0.03162277660168379)}"
logistic_regression,15,0.7722222222222221,"{'select__k': 50, 'model__solver': 'liblinear', 'model__penalty': 'l2', 'model__C': np.float64(0.01)}"
logistic_regression,16,0.7444444444444445,"{'select__k': 20, 'model__solver': 'liblinear', 'model__penalty': 'l1', 'model__C': np.float64(1.0)}"
logistic_regression,17,0.7388888888888888,"{'select__k': 50, 'model__solver': 'liblinear', 'model__penalty': 'l2', 'model__C': np.float64(1.0)}"
logistic_regression,18,0.7518518518518519,"{'select__k': 50, 'model__solver': 'liblinear', 'model__penalty': 'l2', 'model__C': np.float64(0.03162277660168379)}"
logistic_regression,19,0.662962962962963,"{'select__k': 10, 'model__solver': 'liblinear', 'model__penalty': 'l2', 'model__C': np.float64(1.0)}"
logistic_regression,20,0.674074074074074,"{'select__k': 20, 'model__solver': 'liblinear', 'model__penalty': 'l2', 'model__C': np.float64(1.0)}"
logistic_regression,21,0.5666666666666668,"{'select__k': 30, 'model__solver': 'liblinear', 'model__penalty': 'l2', 'model__C': np.float64(0.03162277660168379)}"
logistic_regression,22,0.7481481481481481,"{'select__k': 30, 'model__solver': 'liblinear', 'model__penalty': 'l2', 'model__C': np.float64(10.0)}"
logistic_regression,23,0.7870370370370371,"{'select__k': 30, 'model__solver': 'liblinear', 'model__penalty': 'l1', 'model__C': np.float64(3.1622776601683795)}"
logistic_regression,24,0.7314814814814815,"{'select__k': 10, 'model__solver': 'liblinear', 'model__penalty': 'l2', 'model__C': np.float64(0.01)}"
logistic_regression,25,0.6907407407407407,"{'select__k': 50, 'model__solver': 'liblinear', 'model__penalty': 'l2', 'model__C': np.float64(0.31622776601683794)}"
linear_svm,1,0.8351851851851851,"{'select__k': 10, 'model__C': np.float64(1.0)}"
linear_svm,2,0.5925925925925926,"{'select__k': 30, 'model__C': np.float64(0.01)}"
linear_svm,3,0.7314814814814815,"{'select__k': 50, 'model__C': np.float64(0.31622776601683794)}"
linear_svm,4,0.7666666666666666,"{'select__k': 50, 'model__C': np.float64(1.0)}"
linear_svm,5,0.7648148148148147,"{'select__k': 30, 'model__C': np.float64(3.1622776601683795)}"
linear_svm,6,0.7407407407407408,"{'select__k': 50, 'model__C': np.float64(31.622776601683793)}"
linear_svm,7,0.6685185185185185,"{'select__k': 50, 'model__C': np.float64(100.0)}"
linear_svm,8,0.637037037037037,"{'select__k': 30, 'model__C': np.float64(0.03162277660168379)}"
linear_svm,9,0.6777777777777777,"{'select__k': 10, 'model__C': np.float64(0.1)}"
linear_svm,10,0.7129629629629631,"{'select__k': 10, 'model__C': np.float64(0.31622776601683794)}"
linear_svm,11,0.7462962962962963,"{'select__k': 10, 'model__C': np.float64(0.03162277660168379)}"
linear_svm,12,0.6888888888888888,"{'select__k': 50, 'model__C': np.float64(0.01)}"
linear_svm,13,0.6888888888888888,"{'select__k': 50, 'model__C': np.float64(10.0)}"
linear_svm,14,0.8388888888888889,"{'select__k': 50, 'model__C': np.float64(0.1)}"
linear_svm,15,0.7111111111111111,"{'select__k': 50, 'model__C': np.float64(0.03162277660168379)}"
linear_svm,16,0.6888888888888888,"{'select__k': 20, 'model__C': np.float64(10.0)}"
linear_svm,17,0.662962962962963,"{'select__k': 30, 'model__C': np.float64(0.03162277660168379)}"
linear_svm,18,0.6185185185185186,"{'select__k': 10, 'model__C': np.float64(0.01)}"
linear_svm,19,0.6018518518518519,"{'select__k': 50, 'model__C': np.float64(0.31622776601683794)}"
linear_svm,20,0.6203703703703703,"{'select__k': 10, 'model__C': np.float64(100.0)}"
linear_svm,21,0.5407407407407407,"{'select__k': 10, 'model__C': np.float64(1.0)}"
linear_svm,22,0.7444444444444445,"{'select__k': 30, 'model__C': np.float64(100.0)}"
linear_svm,23,0.6574074074074074,"{'select__k': 50, 'model__C': np.float64(0.01)}"
linear_svm,24,0.7259259259259259,"{'select__k': 50, 'model__C': np.float64(10.0)}"
linear_svm,25,0.6296296296296297,"{'select__k': 20, 'model__C': np.float64(0.01)}"
random_forest,1,0.8185185185185185,"{'select__k': 50, 'model__n_estimators': 600, 'model__min_samples_leaf': 2, 'model__max_features': 0.5, 'model__max_depth': 8}"
random_forest,2,0.5981481481481481,"{'select__k': 50, 'model__n_estimators': 200, 'model__min_samples_leaf': 3, 'model__max_features': 0.5, 'model__max_depth': 5}"
random_forest,3,0.6888888888888888,"{'select__k': 50, 'model__n_estimators': 400, 'model__min_samples_leaf': 3, 'model__max_features': 'sqrt', 'model__max_depth': 5}"
random_forest,4,0.7333333333333333,"{'select__k': 50, 'model__n_estimators': 400, 'model__min_samples_leaf': 2, 'model__max_features': 0.5, 'model__max_depth': 8}"
random_forest,5,0.7870370370370371,"{'select__k': 30, 'model__n_estimators': 200, 'model__min_samples_leaf': 3, 'model__max_features': 'log2', 'model__max_depth': None}"
random_forest,6,0.65,"{'select__k': 30, 'model__n_estimators': 200, 'model__min_samples_leaf': 4, 'model__max_features': 'sqrt', 'model__max_depth': 5}"
random_forest,7,0.687037037037037,"{'select__k': 30, 'model__n_estimators': 600, 'model__min_samples_leaf': 2, 'model__max_features': 'sqrt', 'model__max_depth': None}"
random_forest,8,0.5777777777777778,"{'select__k': 50, 'model__n_estimators': 200, 'model__min_samples_leaf': 3, 'model__max_features': 0.5, 'model__max_depth': 8}"
random_forest,9,0.6777777777777777,"{'select__k': 30, 'model__n_estimators': 600, 'model__min_samples_leaf': 3, 'model__max_features': 'log2', 'model__max_depth': 8}"
random_forest,10,0.7481481481481481,"{'select__k': 30, 'model__n_estimators': 600, 'model__min_samples_leaf': 3, 'model__max_features': 0.5, 'model__max_depth': 5}"
random_forest,11,0.7999999999999999,"{'select__k': 50, 'model__n_estimators': 600, 'model__min_samples_leaf': 1, 'model__max_features': 0.5, 'model__max_depth': 3}"
random_forest,12,0.7555555555555555,"{'select__k': 20, 'model__n_estimators': 200, 'model__min_samples_leaf': 2, 'model__max_features': 'sqrt', 'model__max_depth': None}"
random_forest,13,0.6333333333333333,"{'select__k': 20, 'model__n_estimators': 600, 'model__min_samples_leaf': 1, 'model__max_features': 0.5, 'model__max_depth': 5}"
random_forest,14,0.7666666666666666,"{'select__k': 10, 'model__n_estimators': 200, 'model__min_samples_leaf': 2, 'model__max_features': 0.5, 'model__max_depth': None}"
random_forest,15,0.8388888888888889,"{'select__k': 30, 'model__n_estimators': 400, 'model__min_samples_leaf': 2, 'model__max_features': 0.5, 'model__max_depth': 5}"
random_forest,16,0.6888888888888888,"{'select__k': 30, 'model__n_estimators': 400, 'model__min_samples_leaf': 2, 'model__max_features': 'sqrt', 'model__max_depth': 5}"
random_forest,17,0.6981481481481482,"{'select__k': 50, 'model__n_estimators': 800, 'model__min_samples_leaf': 1, 'model__max_features': 'log2', 'model__max_depth': 8}"
random_forest,18,0.7481481481481481,"{'select__k': 20, 'model__n_estimators': 400, 'model__min_samples_leaf': 1, 'model__max_features': 0.5, 'model__max_depth': 5}"
random_forest,19,0.6925925925925926,"{'select__k': 50, 'model__n_estimators': 400, 'model__min_samples_leaf': 3, 'model__max_features': 0.5, 'model__max_depth': None}"
random_forest,20,0.762962962962963,"{'select__k': 10, 'model__n_estimators': 600, 'model__min_samples_leaf': 4, 'model__max_features': 'log2', 'model__max_depth': 5}"
random_forest,21,0.5425925925925926,"{'select__k': 30, 'model__n_estimators': 600, 'model__min_samples_leaf': 1, 'model__max_features': 'log2', 'model__max_depth': 8}"
random_forest,22,0.7277777777777777,"{'select__k': 50, 'model__n_estimators': 600, 'model__min_samples_leaf': 2, 'model__max_features': 'sqrt', 'model__max_depth': 8}"
random_forest,23,0.674074074074074,"{'select__k': 50, 'model__n_estimators': 400, 'model__min_samples_leaf': 1, 'model__max_features': 'log2', 'model__max_depth': 5}"
random_forest,24,0.7259259259259259,"{'select__k': 10, 'model__n_estimators': 800, 'model__min_samples_leaf': 4, 'model__max_features': 0.5, 'model__max_depth': 3}"
random_forest,25,0.7259259259259259,"{'select__k': 50, 'model__n_estimators': 800, 'model__min_samples_leaf': 3, 'model__max_features': 0.5, 'model__max_depth': 8}"
gradient_boosting,1,0.9092592592592593,"{'select__k': 50, 'model__n_estimators': 150, 'model__min_samples_leaf': 2, 'model__max_depth': 3, 'model__learning_rate': 0.1}"
gradient_boosting,2,0.5814814814814815,"{'select__k': 50, 'model__n_estimators': 50, 'model__min_samples_leaf': 1, 'model__max_depth': 1, 'model__learning_rate': 0.1}"
gradient_boosting,3,0.65,"{'select__k': 30, 'model__n_estimators': 150, 'model__min_samples_leaf': 1, 'model__max_depth': 1, 'model__learning_rate': 0.1}"
gradient_boosting,4,0.7333333333333333,"{'select__k': 10, 'model__n_estimators': 50, 'model__min_samples_leaf': 1, 'model__max_depth': 1, 'model__learning_rate': 0.03}"
gradient_boosting,5,0.6592592592592593,"{'select__k': 20, 'model__n_estimators': 250, 'model__min_samples_leaf': 1, 'model__max_depth': 2, 'model__learning_rate': 0.05}"
gradient_boosting,6,0.6148148148148148,"{'select__k': 50, 'model__n_estimators': 250, 'model__min_samples_leaf': 3, 'model__max_depth': 1, 'model__learning_rate': 0.1}"
gradient_boosting,7,0.687037037037037,"{'select__k': 20, 'model__n_estimators': 50, 'model__min_samples_leaf': 3, 'model__max_depth': 3, 'model__learning_rate': 0.03}"
gradient_boosting,8,0.6129629629629629,"{'select__k': 10, 'model__n_estimators': 150, 'model__min_samples_leaf': 1, 'model__max_depth': 1, 'model__learning_rate': 0.03}"
gradient_boosting,9,0.7425925925925926,"{'select__k': 50, 'model__n_estimators': 150, 'model__min_samples_leaf': 2, 'model__max_depth': 3, 'model__learning_rate': 0.05}"
gradient_boosting,10,0.7092592592592593,"{'select__k': 50, 'model__n_estimators': 100, 'model__min_samples_leaf': 3, 'model__max_depth': 2, 'model__learning_rate': 0.05}"
gradient_boosting,11,0.762962962962963,"{'select__k': 10, 'model__n_estimators': 100, 'model__min_samples_leaf': 1, 'model__max_depth': 2, 'model__learning_rate': 0.01}"
gradient_boosting,12,0.6833333333333332,"{'select__k': 30, 'model__n_estimators': 250, 'model__min_samples_leaf': 3, 'model__max_depth': 2, 'model__learning_rate': 0.03}"
gradient_boosting,13,0.6888888888888888,"{'select__k': 30, 'model__n_estimators': 150, 'model__min_samples_leaf': 1, 'model__max_depth': 2, 'model__learning_rate': 0.1}"
gradient_boosting,14,0.7055555555555556,"{'select__k': 50, 'model__n_estimators': 50, 'model__min_samples_leaf': 2, 'model__max_depth': 2, 'model__learning_rate': 0.03}"
gradient_boosting,15,0.7833333333333333,"{'select__k': 30, 'model__n_estimators': 250, 'model__min_samples_leaf': 1, 'model__max_depth': 3, 'model__learning_rate': 0.05}"
gradient_boosting,16,0.7425925925925926,"{'select__k': 10, 'model__n_estimators': 100, 'model__min_samples_leaf': 2, 'model__max_depth': 3, 'model__learning_rate': 0.1}"
gradient_boosting,17,0.6444444444444444,"{'select__k': 10, 'model__n_estimators': 150, 'model__min_samples_leaf': 1, 'model__max_depth': 3, 'model__learning_rate': 0.1}"
gradient_boosting,18,0.7833333333333333,"{'select__k': 50, 'model__n_estimators': 100, 'model__min_samples_leaf': 3, 'model__max_depth': 2, 'model__learning_rate': 0.05}"
gradient_boosting,19,0.5833333333333334,"{'select__k': 20, 'model__n_estimators': 50, 'model__min_samples_leaf': 1, 'model__max_depth': 3, 'model__learning_rate': 0.1}"
gradient_boosting,20,0.8018518518518518,"{'select__k': 10, 'model__n_estimators': 250, 'model__min_samples_leaf': 1, 'model__max_depth': 3, 'model__learning_rate': 0.05}"
gradient_boosting,21,0.5592592592592592,"{'select__k': 10, 'model__n_estimators': 250, 'model__min_samples_leaf': 2, 'model__max_depth': 2, 'model__learning_rate': 0.1}"
gradient_boosting,22,0.7092592592592593,"{'select__k': 10, 'model__n_estimators': 50, 'model__min_samples_leaf': 1, 'model__max_depth': 3, 'model__learning_rate': 0.1}"
gradient_boosting,23,0.6148148148148148,"{'select__k': 50, 'model__n_estimators': 250, 'model__min_samples_leaf': 2, 'model__max_depth': 3, 'model__learning_rate': 0.01}"
gradient_boosting,24,0.6,"{'select__k': 50, 'model__n_estimators': 150, 'model__min_samples_leaf': 2, 'model__max_depth': 2, 'model__learning_rate': 0.03}"
gradient_boosting,25,0.7981481481481482,"{'select__k': 50, 'model__n_estimators': 150, 'model__min_samples_leaf': 3, 'model__max_depth': 3, 'model__learning_rate': 0.03}"
