feature,source,family
report__average_respiration_rate_mean,report,respiratory_or_oxygen
report__awakenings_mean,report,sleep_architecture
report__confidence_awakenings_mean,report,sleep_architecture
report__confidence_last_sleep_mean,report,other
report__confidence_lps_mean,report,sleep_architecture
report__confidence_lrem4_mean,report,sleep_architecture
report__confidence_n1_duration_mean,report,sleep_architecture
report__confidence_n1_percentage_mean,report,sleep_architecture
report__confidence_n2_duration_mean,report,sleep_architecture
report__confidence_n2_latency_aasm_mean,report,sleep_architecture
report__confidence_n2_percentage_mean,report,sleep_architecture
report__confidence_n3_duration_mean,report,sleep_architecture
report__confidence_n3_latency_aasm_mean,report,sleep_architecture
report__confidence_n3_percentage_mean,report,sleep_architecture
report__confidence_nr_of_shifts_mean,report,sleep_architecture
report__confidence_nrem_duration_mean,report,sleep_architecture
report__confidence_nrem_percentage_mean,report,sleep_architecture
report__confidence_rem_duration_mean,report,sleep_architecture
report__confidence_rem_latency_mean,report,sleep_architecture
report__confidence_rem_latency_aasm_mean,report,sleep_architecture
report__confidence_rem_percentage_mean,report,sleep_architecture
report__confidence_sleep_efficiency_mean,report,sleep_architecture
report__confidence_sleep_onset_mean,report,sleep_architecture
report__confidence_sol_mean,report,sleep_architecture
report__confidence_sol_aasm_mean,report,sleep_architecture
report__confidence_tst_mean,report,sleep_architecture
report__confidence_wake_duration_mean,report,sleep_architecture
report__confidence_waso_mean,report,sleep_architecture
report__confidence_waso_aasm_mean,report,sleep_architecture
report__lps_mean,report,sleep_architecture
report__lrem4_mean,report,sleep_architecture
report__micro_arousal_index_mean,report,other
report__n1_duration_mean,report,sleep_architecture
report__n1_percentage_mean,report,sleep_architecture
report__n2_duration_mean,report,sleep_architecture
report__n2_latency_aasm_mean,report,sleep_architecture
report__n2_percentage_mean,report,sleep_architecture
report__n3_duration_mean,report,sleep_architecture
report__n3_latency_aasm_mean,report,sleep_architecture
report__n3_percentage_mean,report,sleep_architecture
report__nr_of_shifts_mean,report,sleep_architecture
report__nrem_duration_mean,report,sleep_architecture
report__nrem_percentage_mean,report,sleep_architecture
report__proportion_off_head_mean,report,other
report__proportion_scorable_and_on_head_mean,report,other
report__quality_index_F7_O1_mean,report,other
report__quality_index_F7_O2_mean,report,other
report__quality_index_F8_F7_mean,report,other
report__quality_index_F8_O1_mean,report,other
report__quality_index_F8_O2_mean,report,other
report__record_duration_mean,report,sleep_architecture
report__record_quality_index_mean,report,other
report__rem_duration_mean,report,sleep_architecture
report__rem_latency_mean,report,sleep_architecture
report__rem_latency_aasm_mean,report,sleep_architecture
report__rem_percentage_mean,report,sleep_architecture
report__respiration_rate_n1_mean,report,sleep_architecture
report__respiration_rate_n2_mean,report,sleep_architecture
report__respiration_rate_n3_mean,report,sleep_architecture
report__respiration_rate_rem_mean,report,sleep_architecture
report__respiration_rate_wake_mean,report,sleep_architecture
report__sleep_efficiency_mean,report,sleep_architecture
report__sol_mean,report,sleep_architecture
report__sol_aasm_mean,report,sleep_architecture
report__tst_mean,report,sleep_architecture
report__wake_duration_mean,report,sleep_architecture
report__waso_mean,report,sleep_architecture
report__waso_aasm_mean,report,sleep_architecture
report__average_respiration_rate_median,report,respiratory_or_oxygen
report__awakenings_median,report,sleep_architecture
report__confidence_awakenings_median,report,sleep_architecture
report__confidence_last_sleep_median,report,other
report__confidence_lps_median,report,sleep_architecture
report__confidence_lrem4_median,report,sleep_architecture
report__confidence_n1_duration_median,report,sleep_architecture
report__confidence_n1_percentage_median,report,sleep_architecture
report__confidence_n2_duration_median,report,sleep_architecture
report__confidence_n2_latency_aasm_median,report,sleep_architecture
report__confidence_n2_percentage_median,report,sleep_architecture
report__confidence_n3_duration_median,report,sleep_architecture
report__confidence_n3_latency_aasm_median,report,sleep_architecture
report__confidence_n3_percentage_median,report,sleep_architecture
report__confidence_nr_of_shifts_median,report,sleep_architecture
report__confidence_nrem_duration_median,report,sleep_architecture
report__confidence_nrem_percentage_median,report,sleep_architecture
report__confidence_rem_duration_median,report,sleep_architecture
report__confidence_rem_latency_median,report,sleep_architecture
report__confidence_rem_latency_aasm_median,report,sleep_architecture
report__confidence_rem_percentage_median,report,sleep_architecture
report__confidence_sleep_efficiency_median,report,sleep_architecture
report__confidence_sleep_onset_median,report,sleep_architecture
report__confidence_sol_median,report,sleep_architecture
report__confidence_sol_aasm_median,report,sleep_architecture
report__confidence_tst_median,report,sleep_architecture
report__confidence_wake_duration_median,report,sleep_architecture
report__confidence_waso_median,report,sleep_architecture
report__confidence_waso_aasm_median,report,sleep_architecture
report__lps_median,report,sleep_architecture
report__lrem4_median,report,sleep_architecture
report__micro_arousal_index_median,report,other
report__n1_duration_median,report,sleep_architecture
report__n1_percentage_median,report,sleep_architecture
report__n2_duration_median,report,sleep_architecture
report__n2_latency_aasm_median,report,sleep_architecture
report__n2_percentage_median,report,sleep_architecture
report__n3_duration_median,report,sleep_architecture
report__n3_latency_aasm_median,report,sleep_architecture
report__n3_percentage_median,report,sleep_architecture
report__nr_of_shifts_median,report,sleep_architecture
report__nrem_duration_median,report,sleep_architecture
report__nrem_percentage_median,report,sleep_architecture
report__proportion_off_head_median,report,other
report__proportion_scorable_and_on_head_median,report,other
report__quality_index_F7_O1_median,report,other
report__quality_index_F7_O2_median,report,other
report__quality_index_F8_F7_median,report,other
report__quality_index_F8_O1_median,report,other
report__quality_index_F8_O2_median,report,other
report__record_duration_median,report,sleep_architecture
report__record_quality_index_median,report,other
report__rem_duration_median,report,sleep_architecture
report__rem_latency_median,report,sleep_architecture
report__rem_latency_aasm_median,report,sleep_architecture
report__rem_percentage_median,report,sleep_architecture
report__respiration_rate_n1_median,report,sleep_architecture
report__respiration_rate_n2_median,report,sleep_architecture
report__respiration_rate_n3_median,report,sleep_architecture
report__respiration_rate_rem_median,report,sleep_architecture
report__respiration_rate_wake_median,report,sleep_architecture
report__sleep_efficiency_median,report,sleep_architecture
report__sol_median,report,sleep_architecture
report__sol_aasm_median,report,sleep_architecture
report__tst_median,report,sleep_architecture
report__wake_duration_median,report,sleep_architecture
report__waso_median,report,sleep_architecture
report__waso_aasm_median,report,sleep_architecture
report__average_respiration_rate_std,report,respiratory_or_oxygen
report__awakenings_std,report,sleep_architecture
report__confidence_awakenings_std,report,sleep_architecture
report__confidence_last_sleep_std,report,other
report__confidence_lps_std,report,sleep_architecture
report__confidence_lrem4_std,report,sleep_architecture
report__confidence_n1_duration_std,report,sleep_architecture
report__confidence_n1_percentage_std,report,sleep_architecture
report__confidence_n2_duration_std,report,sleep_architecture
report__confidence_n2_latency_aasm_std,report,sleep_architecture
report__confidence_n2_percentage_std,report,sleep_architecture
report__confidence_n3_duration_std,report,sleep_architecture
report__confidence_n3_latency_aasm_std,report,sleep_architecture
report__confidence_n3_percentage_std,report,sleep_architecture
report__confidence_nr_of_shifts_std,report,sleep_architecture
report__confidence_nrem_duration_std,report,sleep_architecture
report__confidence_nrem_percentage_std,report,sleep_architecture
report__confidence_rem_duration_std,report,sleep_architecture
report__confidence_rem_latency_std,report,sleep_architecture
report__confidence_rem_latency_aasm_std,report,sleep_architecture
report__confidence_rem_percentage_std,report,sleep_architecture
report__confidence_sleep_efficiency_std,report,sleep_architecture
report__confidence_sleep_onset_std,report,sleep_architecture
report__confidence_sol_std,report,sleep_architecture
report__confidence_sol_aasm_std,report,sleep_architecture
report__confidence_tst_std,report,sleep_architecture
report__confidence_wake_duration_std,report,sleep_architecture
report__confidence_waso_std,report,sleep_architecture
report__confidence_waso_aasm_std,report,sleep_architecture
report__lps_std,report,sleep_architecture
report__lrem4_std,report,sleep_architecture
report__micro_arousal_index_std,report,other
report__n1_duration_std,report,sleep_architecture
report__n1_percentage_std,report,sleep_architecture
report__n2_duration_std,report,sleep_architecture
report__n2_latency_aasm_std,report,sleep_architecture
report__n2_percentage_std,report,sleep_architecture
report__n3_duration_std,report,sleep_architecture
report__n3_latency_aasm_std,report,sleep_architecture
report__n3_percentage_std,report,sleep_architecture
report__nr_of_shifts_std,report,sleep_architecture
report__nrem_duration_std,report,sleep_architecture
report__nrem_percentage_std,report,sleep_architecture
report__proportion_off_head_std,report,other
report__proportion_scorable_and_on_head_std,report,other
report__quality_index_F7_O1_std,report,other
report__quality_index_F7_O2_std,report,other
report__quality_index_F8_F7_std,report,other
report__quality_index_F8_O1_std,report,other
report__quality_index_F8_O2_std,report,other
report__record_duration_std,report,sleep_architecture
report__record_quality_index_std,report,other
report__rem_duration_std,report,sleep_architecture
report__rem_latency_std,report,sleep_architecture
report__rem_latency_aasm_std,report,sleep_architecture
report__rem_percentage_std,report,sleep_architecture
report__respiration_rate_n1_std,report,sleep_architecture
report__respiration_rate_n2_std,report,sleep_architecture
report__respiration_rate_n3_std,report,sleep_architecture
report__respiration_rate_rem_std,report,sleep_architecture
report__respiration_rate_wake_std,report,sleep_architecture
report__sleep_efficiency_std,report,sleep_architecture
report__sol_std,report,sleep_architecture
report__sol_aasm_std,report,sleep_architecture
report__tst_std,report,sleep_architecture
report__wake_duration_std,report,sleep_architecture
report__waso_std,report,sleep_architecture
report__waso_aasm_std,report,sleep_architecture
report__average_respiration_rate_min,report,respiratory_or_oxygen
report__awakenings_min,report,sleep_architecture
report__confidence_awakenings_min,report,sleep_architecture
report__confidence_last_sleep_min,report,other
report__confidence_lps_min,report,sleep_architecture
report__confidence_lrem4_min,report,sleep_architecture
report__confidence_n1_duration_min,report,sleep_architecture
report__confidence_n1_percentage_min,report,sleep_architecture
report__confidence_n2_duration_min,report,sleep_architecture
report__confidence_n2_latency_aasm_min,report,sleep_architecture
report__confidence_n2_percentage_min,report,sleep_architecture
report__confidence_n3_duration_min,report,sleep_architecture
report__confidence_n3_latency_aasm_min,report,sleep_architecture
report__confidence_n3_percentage_min,report,sleep_architecture
report__confidence_nr_of_shifts_min,report,sleep_architecture
report__confidence_nrem_duration_min,report,sleep_architecture
report__confidence_nrem_percentage_min,report,sleep_architecture
report__confidence_rem_duration_min,report,sleep_architecture
report__confidence_rem_latency_min,report,sleep_architecture
report__confidence_rem_latency_aasm_min,report,sleep_architecture
report__confidence_rem_percentage_min,report,sleep_architecture
report__confidence_sleep_efficiency_min,report,sleep_architecture
report__confidence_sleep_onset_min,report,sleep_architecture
report__confidence_sol_min,report,sleep_architecture
report__confidence_sol_aasm_min,report,sleep_architecture
report__confidence_tst_min,report,sleep_architecture
report__confidence_wake_duration_min,report,sleep_architecture
report__confidence_waso_min,report,sleep_architecture
report__confidence_waso_aasm_min,report,sleep_architecture
report__lps_min,report,sleep_architecture
report__lrem4_min,report,sleep_architecture
report__micro_arousal_index_min,report,other
report__n1_duration_min,report,sleep_architecture
report__n1_percentage_min,report,sleep_architecture
report__n2_duration_min,report,sleep_architecture
report__n2_latency_aasm_min,report,sleep_architecture
report__n2_percentage_min,report,sleep_architecture
report__n3_duration_min,report,sleep_architecture
report__n3_latency_aasm_min,report,sleep_architecture
report__n3_percentage_min,report,sleep_architecture
report__nr_of_shifts_min,report,sleep_architecture
report__nrem_duration_min,report,sleep_architecture
report__nrem_percentage_min,report,sleep_architecture
report__proportion_off_head_min,report,other
report__proportion_scorable_and_on_head_min,report,other
report__quality_index_F7_O1_min,report,other
report__quality_index_F7_O2_min,report,other
report__quality_index_F8_F7_min,report,other
report__quality_index_F8_O1_min,report,other
report__quality_index_F8_O2_min,report,other
report__record_duration_min,report,sleep_architecture
report__record_quality_index_min,report,other
report__rem_duration_min,report,sleep_architecture
report__rem_latency_min,report,sleep_architecture
report__rem_latency_aasm_min,report,sleep_architecture
report__rem_percentage_min,report,sleep_architecture
report__respiration_rate_n1_min,report,sleep_architecture
report__respiration_rate_n2_min,report,sleep_architecture
report__respiration_rate_n3_min,report,sleep_architecture
report__respiration_rate_rem_min,report,sleep_architecture
report__respiration_rate_wake_min,report,sleep_architecture
report__sleep_efficiency_min,report,sleep_architecture
report__sol_min,report,sleep_architecture
report__sol_aasm_min,report,sleep_architecture
report__tst_min,report,sleep_architecture
report__wake_duration_min,report,sleep_architecture
report__waso_min,report,sleep_architecture
report__waso_aasm_min,report,sleep_architecture
report__average_respiration_rate_max,report,respiratory_or_oxygen
report__awakenings_max,report,sleep_architecture
report__confidence_awakenings_max,report,sleep_architecture
report__confidence_last_sleep_max,report,other
report__confidence_lps_max,report,sleep_architecture
report__confidence_lrem4_max,report,sleep_architecture
report__confidence_n1_duration_max,report,sleep_architecture
report__confidence_n1_percentage_max,report,sleep_architecture
report__confidence_n2_duration_max,report,sleep_architecture
report__confidence_n2_latency_aasm_max,report,sleep_architecture
report__confidence_n2_percentage_max,report,sleep_architecture
report__confidence_n3_duration_max,report,sleep_architecture
report__confidence_n3_latency_aasm_max,report,sleep_architecture
report__confidence_n3_percentage_max,report,sleep_architecture
report__confidence_nr_of_shifts_max,report,sleep_architecture
report__confidence_nrem_duration_max,report,sleep_architecture
report__confidence_nrem_percentage_max,report,sleep_architecture
report__confidence_rem_duration_max,report,sleep_architecture
report__confidence_rem_latency_max,report,sleep_architecture
report__confidence_rem_latency_aasm_max,report,sleep_architecture
report__confidence_rem_percentage_max,report,sleep_architecture
report__confidence_sleep_efficiency_max,report,sleep_architecture
report__confidence_sleep_onset_max,report,sleep_architecture
report__confidence_sol_max,report,sleep_architecture
report__confidence_sol_aasm_max,report,sleep_architecture
report__confidence_tst_max,report,sleep_architecture
report__confidence_wake_duration_max,report,sleep_architecture
report__confidence_waso_max,report,sleep_architecture
report__confidence_waso_aasm_max,report,sleep_architecture
report__lps_max,report,sleep_architecture
report__lrem4_max,report,sleep_architecture
report__micro_arousal_index_max,report,other
report__n1_duration_max,report,sleep_architecture
report__n1_percentage_max,report,sleep_architecture
report__n2_duration_max,report,sleep_architecture
report__n2_latency_aasm_max,report,sleep_architecture
report__n2_percentage_max,report,sleep_architecture
report__n3_duration_max,report,sleep_architecture
report__n3_latency_aasm_max,report,sleep_architecture
report__n3_percentage_max,report,sleep_architecture
report__nr_of_shifts_max,report,sleep_architecture
report__nrem_duration_max,report,sleep_architecture
report__nrem_percentage_max,report,sleep_architecture
report__proportion_off_head_max,report,other
report__proportion_scorable_and_on_head_max,report,other
report__quality_index_F7_O1_max,report,other
report__quality_index_F7_O2_max,report,other
report__quality_index_F8_F7_max,report,other
report__quality_index_F8_O1_max,report,other
report__quality_index_F8_O2_max,report,other
report__record_duration_max,report,sleep_architecture
report__record_quality_index_max,report,other
report__rem_duration_max,report,sleep_architecture
report__rem_latency_max,report,sleep_architecture
report__rem_latency_aasm_max,report,sleep_architecture
report__rem_percentage_max,report,sleep_architecture
report__respiration_rate_n1_max,report,sleep_architecture
report__respiration_rate_n2_max,report,sleep_architecture
report__respiration_rate_n3_max,report,sleep_architecture
report__respiration_rate_rem_max,report,sleep_architecture
report__respiration_rate_wake_max,report,sleep_architecture
report__sleep_efficiency_max,report,sleep_architecture
report__sol_max,report,sleep_architecture
report__sol_aasm_max,report,sleep_architecture
report__tst_max,report,sleep_architecture
report__wake_duration_max,report,sleep_architecture
report__waso_max,report,sleep_architecture
report__waso_aasm_max,report,sleep_architecture
h5__n_epochs_mean,h5,time_domain
h5__wake_epochs_mean,h5,sleep_architecture
h5__sleep_epochs_mean,h5,time_domain
h5__tst_minutes_from_hypnogram_mean,h5,sleep_architecture
h5__sleep_efficiency_epoch_ratio_mean,h5,sleep_architecture
h5__Wake_epochs_mean,h5,sleep_architecture
h5__Wake_percentage_mean,h5,sleep_architecture
h5__N1_epochs_mean,h5,sleep_architecture
h5__N1_percentage_mean,h5,sleep_architecture
h5__N2_epochs_mean,h5,sleep_architecture
h5__N2_percentage_mean,h5,sleep_architecture
h5__N3_epochs_mean,h5,sleep_architecture
h5__N3_percentage_mean,h5,sleep_architecture
h5__REM_epochs_mean,h5,sleep_architecture
h5__REM_percentage_mean,h5,sleep_architecture
h5__eeg1_mean_mean_mean,h5,time_domain
h5__eeg1_mean_std_mean,h5,time_domain
h5__eeg1_mean_median_mean,h5,time_domain
h5__eeg1_std_mean_mean,h5,time_domain
h5__eeg1_std_std_mean,h5,time_domain
h5__eeg1_std_median_mean,h5,time_domain
h5__eeg1_iqr_mean_mean,h5,time_domain
h5__eeg1_iqr_std_mean,h5,time_domain
h5__eeg1_iqr_median_mean,h5,time_domain
h5__eeg1_skew_mean_mean,h5,time_domain
h5__eeg1_skew_std_mean,h5,time_domain
h5__eeg1_skew_median_mean,h5,time_domain
h5__eeg1_kurtosis_mean_mean,h5,time_domain
h5__eeg1_kurtosis_std_mean,h5,time_domain
h5__eeg1_kurtosis_median_mean,h5,time_domain
h5__eeg1_zero_crossings_mean_mean,h5,time_domain
h5__eeg1_zero_crossings_std_mean,h5,time_domain
h5__eeg1_zero_crossings_median_mean,h5,time_domain
h5__eeg1_hjorth_mobility_mean_mean,h5,hjorth
h5__eeg1_hjorth_mobility_std_mean,h5,hjorth
h5__eeg1_hjorth_mobility_median_mean,h5,hjorth
h5__eeg1_hjorth_complexity_mean_mean,h5,hjorth
h5__eeg1_hjorth_complexity_std_mean,h5,hjorth
h5__eeg1_hjorth_complexity_median_mean,h5,hjorth
h5__eeg1_total_power_0p5_30_mean_mean,h5,spectral_power
h5__eeg1_total_power_0p5_30_std_mean,h5,spectral_power
h5__eeg1_total_power_0p5_30_median_mean,h5,spectral_power
h5__eeg1_delta_power_mean_mean,h5,spectral_power
h5__eeg1_delta_power_std_mean,h5,spectral_power
h5__eeg1_delta_power_median_mean,h5,spectral_power
h5__eeg1_delta_relative_power_mean_mean,h5,spectral_power
h5__eeg1_delta_relative_power_std_mean,h5,spectral_power
h5__eeg1_delta_relative_power_median_mean,h5,spectral_power
h5__eeg1_theta_power_mean_mean,h5,spectral_power
h5__eeg1_theta_power_std_mean,h5,spectral_power
h5__eeg1_theta_power_median_mean,h5,spectral_power
h5__eeg1_theta_relative_power_mean_mean,h5,spectral_power
h5__eeg1_theta_relative_power_std_mean,h5,spectral_power
h5__eeg1_theta_relative_power_median_mean,h5,spectral_power
h5__eeg1_alpha_power_mean_mean,h5,spectral_power
h5__eeg1_alpha_power_std_mean,h5,spectral_power
h5__eeg1_alpha_power_median_mean,h5,spectral_power
h5__eeg1_alpha_relative_power_mean_mean,h5,spectral_power
h5__eeg1_alpha_relative_power_std_mean,h5,spectral_power
h5__eeg1_alpha_relative_power_median_mean,h5,spectral_power
h5__eeg1_sigma_power_mean_mean,h5,spectral_power
h5__eeg1_sigma_power_std_mean,h5,spectral_power
h5__eeg1_sigma_power_median_mean,h5,spectral_power
h5__eeg1_sigma_relative_power_mean_mean,h5,spectral_power
h5__eeg1_sigma_relative_power_std_mean,h5,spectral_power
h5__eeg1_sigma_relative_power_median_mean,h5,spectral_power
h5__eeg1_beta_power_mean_mean,h5,spectral_power
h5__eeg1_beta_power_std_mean,h5,spectral_power
h5__eeg1_beta_power_median_mean,h5,spectral_power
h5__eeg1_beta_relative_power_mean_mean,h5,spectral_power
h5__eeg1_beta_relative_power_std_mean,h5,spectral_power
h5__eeg1_beta_relative_power_median_mean,h5,spectral_power
h5__eeg1_theta_alpha_ratio_mean_mean,h5,spectral_ratio
h5__eeg1_theta_alpha_ratio_std_mean,h5,spectral_ratio
h5__eeg1_theta_alpha_ratio_median_mean,h5,spectral_ratio
h5__eeg1_delta_beta_ratio_mean_mean,h5,spectral_ratio
h5__eeg1_delta_beta_ratio_std_mean,h5,spectral_ratio
h5__eeg1_delta_beta_ratio_median_mean,h5,spectral_ratio
h5__eeg1_delta_sigma_ratio_mean_mean,h5,spectral_ratio
h5__eeg1_delta_sigma_ratio_std_mean,h5,spectral_ratio
h5__eeg1_delta_sigma_ratio_median_mean,h5,spectral_ratio
h5__eeg2_mean_mean_mean,h5,time_domain
h5__eeg2_mean_std_mean,h5,time_domain
h5__eeg2_mean_median_mean,h5,time_domain
h5__eeg2_std_mean_mean,h5,time_domain
h5__eeg2_std_std_mean,h5,time_domain
h5__eeg2_std_median_mean,h5,time_domain
h5__eeg2_iqr_mean_mean,h5,time_domain
h5__eeg2_iqr_std_mean,h5,time_domain
h5__eeg2_iqr_median_mean,h5,time_domain
h5__eeg2_skew_mean_mean,h5,time_domain
h5__eeg2_skew_std_mean,h5,time_domain
h5__eeg2_skew_median_mean,h5,time_domain
h5__eeg2_kurtosis_mean_mean,h5,time_domain
h5__eeg2_kurtosis_std_mean,h5,time_domain
h5__eeg2_kurtosis_median_mean,h5,time_domain
h5__eeg2_zero_crossings_mean_mean,h5,time_domain
h5__eeg2_zero_crossings_std_mean,h5,time_domain
h5__eeg2_zero_crossings_median_mean,h5,time_domain
h5__eeg2_hjorth_mobility_mean_mean,h5,hjorth
h5__eeg2_hjorth_mobility_std_mean,h5,hjorth
h5__eeg2_hjorth_mobility_median_mean,h5,hjorth
h5__eeg2_hjorth_complexity_mean_mean,h5,hjorth
h5__eeg2_hjorth_complexity_std_mean,h5,hjorth
h5__eeg2_hjorth_complexity_median_mean,h5,hjorth
h5__eeg2_total_power_0p5_30_mean_mean,h5,spectral_power
h5__eeg2_total_power_0p5_30_std_mean,h5,spectral_power
h5__eeg2_total_power_0p5_30_median_mean,h5,spectral_power
h5__eeg2_delta_power_mean_mean,h5,spectral_power
h5__eeg2_delta_power_std_mean,h5,spectral_power
h5__eeg2_delta_power_median_mean,h5,spectral_power
h5__eeg2_delta_relative_power_mean_mean,h5,spectral_power
h5__eeg2_delta_relative_power_std_mean,h5,spectral_power
h5__eeg2_delta_relative_power_median_mean,h5,spectral_power
h5__eeg2_theta_power_mean_mean,h5,spectral_power
h5__eeg2_theta_power_std_mean,h5,spectral_power
h5__eeg2_theta_power_median_mean,h5,spectral_power
h5__eeg2_theta_relative_power_mean_mean,h5,spectral_power
h5__eeg2_theta_relative_power_std_mean,h5,spectral_power
h5__eeg2_theta_relative_power_median_mean,h5,spectral_power
h5__eeg2_alpha_power_mean_mean,h5,spectral_power
h5__eeg2_alpha_power_std_mean,h5,spectral_power
h5__eeg2_alpha_power_median_mean,h5,spectral_power
h5__eeg2_alpha_relative_power_mean_mean,h5,spectral_power
h5__eeg2_alpha_relative_power_std_mean,h5,spectral_power
h5__eeg2_alpha_relative_power_median_mean,h5,spectral_power
h5__eeg2_sigma_power_mean_mean,h5,spectral_power
h5__eeg2_sigma_power_std_mean,h5,spectral_power
h5__eeg2_sigma_power_median_mean,h5,spectral_power
h5__eeg2_sigma_relative_power_mean_mean,h5,spectral_power
h5__eeg2_sigma_relative_power_std_mean,h5,spectral_power
h5__eeg2_sigma_relative_power_median_mean,h5,spectral_power
h5__eeg2_beta_power_mean_mean,h5,spectral_power
h5__eeg2_beta_power_std_mean,h5,spectral_power
h5__eeg2_beta_power_median_mean,h5,spectral_power
h5__eeg2_beta_relative_power_mean_mean,h5,spectral_power
h5__eeg2_beta_relative_power_std_mean,h5,spectral_power
h5__eeg2_beta_relative_power_median_mean,h5,spectral_power
h5__eeg2_theta_alpha_ratio_mean_mean,h5,spectral_ratio
h5__eeg2_theta_alpha_ratio_std_mean,h5,spectral_ratio
h5__eeg2_theta_alpha_ratio_median_mean,h5,spectral_ratio
h5__eeg2_delta_beta_ratio_mean_mean,h5,spectral_ratio
h5__eeg2_delta_beta_ratio_std_mean,h5,spectral_ratio
h5__eeg2_delta_beta_ratio_median_mean,h5,spectral_ratio
h5__eeg2_delta_sigma_ratio_mean_mean,h5,spectral_ratio
h5__eeg2_delta_sigma_ratio_std_mean,h5,spectral_ratio
h5__eeg2_delta_sigma_ratio_median_mean,h5,spectral_ratio
h5__eeg3_mean_mean_mean,h5,time_domain
h5__eeg3_mean_std_mean,h5,time_domain
h5__eeg3_mean_median_mean,h5,time_domain
h5__eeg3_std_mean_mean,h5,time_domain
h5__eeg3_std_std_mean,h5,time_domain
h5__eeg3_std_median_mean,h5,time_domain
h5__eeg3_iqr_mean_mean,h5,time_domain
h5__eeg3_iqr_std_mean,h5,time_domain
h5__eeg3_iqr_median_mean,h5,time_domain
h5__eeg3_skew_mean_mean,h5,time_domain
h5__eeg3_skew_std_mean,h5,time_domain
h5__eeg3_skew_median_mean,h5,time_domain
h5__eeg3_kurtosis_mean_mean,h5,time_domain
h5__eeg3_kurtosis_std_mean,h5,time_domain
h5__eeg3_kurtosis_median_mean,h5,time_domain
h5__eeg3_zero_crossings_mean_mean,h5,time_domain
h5__eeg3_zero_crossings_std_mean,h5,time_domain
h5__eeg3_zero_crossings_median_mean,h5,time_domain
h5__eeg3_hjorth_mobility_mean_mean,h5,hjorth
h5__eeg3_hjorth_mobility_std_mean,h5,hjorth
h5__eeg3_hjorth_mobility_median_mean,h5,hjorth
h5__eeg3_hjorth_complexity_mean_mean,h5,hjorth
h5__eeg3_hjorth_complexity_std_mean,h5,hjorth
h5__eeg3_hjorth_complexity_median_mean,h5,hjorth
h5__eeg3_total_power_0p5_30_mean_mean,h5,spectral_power
h5__eeg3_total_power_0p5_30_std_mean,h5,spectral_power
h5__eeg3_total_power_0p5_30_median_mean,h5,spectral_power
h5__eeg3_delta_power_mean_mean,h5,spectral_power
h5__eeg3_delta_power_std_mean,h5,spectral_power
h5__eeg3_delta_power_median_mean,h5,spectral_power
h5__eeg3_delta_relative_power_mean_mean,h5,spectral_power
h5__eeg3_delta_relative_power_std_mean,h5,spectral_power
h5__eeg3_delta_relative_power_median_mean,h5,spectral_power
h5__eeg3_theta_power_mean_mean,h5,spectral_power
h5__eeg3_theta_power_std_mean,h5,spectral_power
h5__eeg3_theta_power_median_mean,h5,spectral_power
h5__eeg3_theta_relative_power_mean_mean,h5,spectral_power
h5__eeg3_theta_relative_power_std_mean,h5,spectral_power
h5__eeg3_theta_relative_power_median_mean,h5,spectral_power
h5__eeg3_alpha_power_mean_mean,h5,spectral_power
h5__eeg3_alpha_power_std_mean,h5,spectral_power
h5__eeg3_alpha_power_median_mean,h5,spectral_power
h5__eeg3_alpha_relative_power_mean_mean,h5,spectral_power
h5__eeg3_alpha_relative_power_std_mean,h5,spectral_power
h5__eeg3_alpha_relative_power_median_mean,h5,spectral_power
h5__eeg3_sigma_power_mean_mean,h5,spectral_power
h5__eeg3_sigma_power_std_mean,h5,spectral_power
h5__eeg3_sigma_power_median_mean,h5,spectral_power
h5__eeg3_sigma_relative_power_mean_mean,h5,spectral_power
h5__eeg3_sigma_relative_power_std_mean,h5,spectral_power
h5__eeg3_sigma_relative_power_median_mean,h5,spectral_power
h5__eeg3_beta_power_mean_mean,h5,spectral_power
h5__eeg3_beta_power_std_mean,h5,spectral_power
h5__eeg3_beta_power_median_mean,h5,spectral_power
h5__eeg3_beta_relative_power_mean_mean,h5,spectral_power
h5__eeg3_beta_relative_power_std_mean,h5,spectral_power
h5__eeg3_beta_relative_power_median_mean,h5,spectral_power
h5__eeg3_theta_alpha_ratio_mean_mean,h5,spectral_ratio
h5__eeg3_theta_alpha_ratio_std_mean,h5,spectral_ratio
h5__eeg3_theta_alpha_ratio_median_mean,h5,spectral_ratio
h5__eeg3_delta_beta_ratio_mean_mean,h5,spectral_ratio
h5__eeg3_delta_beta_ratio_std_mean,h5,spectral_ratio
h5__eeg3_delta_beta_ratio_median_mean,h5,spectral_ratio
h5__eeg3_delta_sigma_ratio_mean_mean,h5,spectral_ratio
h5__eeg3_delta_sigma_ratio_std_mean,h5,spectral_ratio
h5__eeg3_delta_sigma_ratio_median_mean,h5,spectral_ratio
h5__eeg4_mean_mean_mean,h5,time_domain
h5__eeg4_mean_std_mean,h5,time_domain
h5__eeg4_mean_median_mean,h5,time_domain
h5__eeg4_std_mean_mean,h5,time_domain
h5__eeg4_std_std_mean,h5,time_domain
h5__eeg4_std_median_mean,h5,time_domain
h5__eeg4_iqr_mean_mean,h5,time_domain
h5__eeg4_iqr_std_mean,h5,time_domain
h5__eeg4_iqr_median_mean,h5,time_domain
h5__eeg4_skew_mean_mean,h5,time_domain
h5__eeg4_skew_std_mean,h5,time_domain
h5__eeg4_skew_median_mean,h5,time_domain
h5__eeg4_kurtosis_mean_mean,h5,time_domain
h5__eeg4_kurtosis_std_mean,h5,time_domain
h5__eeg4_kurtosis_median_mean,h5,time_domain
h5__eeg4_zero_crossings_mean_mean,h5,time_domain
h5__eeg4_zero_crossings_std_mean,h5,time_domain
h5__eeg4_zero_crossings_median_mean,h5,time_domain
h5__eeg4_hjorth_mobility_mean_mean,h5,hjorth
h5__eeg4_hjorth_mobility_std_mean,h5,hjorth
h5__eeg4_hjorth_mobility_median_mean,h5,hjorth
h5__eeg4_hjorth_complexity_mean_mean,h5,hjorth
h5__eeg4_hjorth_complexity_std_mean,h5,hjorth
h5__eeg4_hjorth_complexity_median_mean,h5,hjorth
h5__eeg4_total_power_0p5_30_mean_mean,h5,spectral_power
h5__eeg4_total_power_0p5_30_std_mean,h5,spectral_power
h5__eeg4_total_power_0p5_30_median_mean,h5,spectral_power
h5__eeg4_delta_power_mean_mean,h5,spectral_power
h5__eeg4_delta_power_std_mean,h5,spectral_power
h5__eeg4_delta_power_median_mean,h5,spectral_power
h5__eeg4_delta_relative_power_mean_mean,h5,spectral_power
h5__eeg4_delta_relative_power_std_mean,h5,spectral_power
h5__eeg4_delta_relative_power_median_mean,h5,spectral_power
h5__eeg4_theta_power_mean_mean,h5,spectral_power
h5__eeg4_theta_power_std_mean,h5,spectral_power
h5__eeg4_theta_power_median_mean,h5,spectral_power
h5__eeg4_theta_relative_power_mean_mean,h5,spectral_power
h5__eeg4_theta_relative_power_std_mean,h5,spectral_power
h5__eeg4_theta_relative_power_median_mean,h5,spectral_power
h5__eeg4_alpha_power_mean_mean,h5,spectral_power
h5__eeg4_alpha_power_std_mean,h5,spectral_power
h5__eeg4_alpha_power_median_mean,h5,spectral_power
h5__eeg4_alpha_relative_power_mean_mean,h5,spectral_power
h5__eeg4_alpha_relative_power_std_mean,h5,spectral_power
h5__eeg4_alpha_relative_power_median_mean,h5,spectral_power
h5__eeg4_sigma_power_mean_mean,h5,spectral_power
h5__eeg4_sigma_power_std_mean,h5,spectral_power
h5__eeg4_sigma_power_median_mean,h5,spectral_power
h5__eeg4_sigma_relative_power_mean_mean,h5,spectral_power
h5__eeg4_sigma_relative_power_std_mean,h5,spectral_power
h5__eeg4_sigma_relative_power_median_mean,h5,spectral_power
h5__eeg4_beta_power_mean_mean,h5,spectral_power
h5__eeg4_beta_power_std_mean,h5,spectral_power
h5__eeg4_beta_power_median_mean,h5,spectral_power
h5__eeg4_beta_relative_power_mean_mean,h5,spectral_power
h5__eeg4_beta_relative_power_std_mean,h5,spectral_power
h5__eeg4_beta_relative_power_median_mean,h5,spectral_power
h5__eeg4_theta_alpha_ratio_mean_mean,h5,spectral_ratio
h5__eeg4_theta_alpha_ratio_std_mean,h5,spectral_ratio
h5__eeg4_theta_alpha_ratio_median_mean,h5,spectral_ratio
h5__eeg4_delta_beta_ratio_mean_mean,h5,spectral_ratio
h5__eeg4_delta_beta_ratio_std_mean,h5,spectral_ratio
h5__eeg4_delta_beta_ratio_median_mean,h5,spectral_ratio
h5__eeg4_delta_sigma_ratio_mean_mean,h5,spectral_ratio
h5__eeg4_delta_sigma_ratio_std_mean,h5,spectral_ratio
h5__eeg4_delta_sigma_ratio_median_mean,h5,spectral_ratio
h5__n_epochs_median,h5,sleep_architecture
h5__wake_epochs_median,h5,sleep_architecture
h5__sleep_epochs_median,h5,sleep_architecture
h5__tst_minutes_from_hypnogram_median,h5,sleep_architecture
h5__sleep_efficiency_epoch_ratio_median,h5,sleep_architecture
h5__Wake_epochs_median,h5,sleep_architecture
h5__Wake_percentage_median,h5,sleep_architecture
h5__N1_epochs_median,h5,sleep_architecture
h5__N1_percentage_median,h5,sleep_architecture
h5__N2_epochs_median,h5,sleep_architecture
h5__N2_percentage_median,h5,sleep_architecture
h5__N3_epochs_median,h5,sleep_architecture
h5__N3_percentage_median,h5,sleep_architecture
h5__REM_epochs_median,h5,sleep_architecture
h5__REM_percentage_median,h5,sleep_architecture
h5__eeg1_mean_mean_median,h5,time_domain
h5__eeg1_mean_std_median,h5,time_domain
h5__eeg1_mean_median_median,h5,time_domain
h5__eeg1_std_mean_median,h5,time_domain
h5__eeg1_std_std_median,h5,time_domain
h5__eeg1_std_median_median,h5,time_domain
h5__eeg1_iqr_mean_median,h5,time_domain
h5__eeg1_iqr_std_median,h5,time_domain
h5__eeg1_iqr_median_median,h5,time_domain
h5__eeg1_skew_mean_median,h5,time_domain
h5__eeg1_skew_std_median,h5,time_domain
h5__eeg1_skew_median_median,h5,time_domain
h5__eeg1_kurtosis_mean_median,h5,time_domain
h5__eeg1_kurtosis_std_median,h5,time_domain
h5__eeg1_kurtosis_median_median,h5,time_domain
h5__eeg1_zero_crossings_mean_median,h5,time_domain
h5__eeg1_zero_crossings_std_median,h5,time_domain
h5__eeg1_zero_crossings_median_median,h5,time_domain
h5__eeg1_hjorth_mobility_mean_median,h5,hjorth
h5__eeg1_hjorth_mobility_std_median,h5,hjorth
h5__eeg1_hjorth_mobility_median_median,h5,hjorth
h5__eeg1_hjorth_complexity_mean_median,h5,hjorth
h5__eeg1_hjorth_complexity_std_median,h5,hjorth
h5__eeg1_hjorth_complexity_median_median,h5,hjorth
h5__eeg1_total_power_0p5_30_mean_median,h5,spectral_power
h5__eeg1_total_power_0p5_30_std_median,h5,spectral_power
h5__eeg1_total_power_0p5_30_median_median,h5,spectral_power
h5__eeg1_delta_power_mean_median,h5,spectral_power
h5__eeg1_delta_power_std_median,h5,spectral_power
h5__eeg1_delta_power_median_median,h5,spectral_power
h5__eeg1_delta_relative_power_mean_median,h5,spectral_power
h5__eeg1_delta_relative_power_std_median,h5,spectral_power
h5__eeg1_delta_relative_power_median_median,h5,spectral_power
h5__eeg1_theta_power_mean_median,h5,spectral_power
h5__eeg1_theta_power_std_median,h5,spectral_power
h5__eeg1_theta_power_median_median,h5,spectral_power
h5__eeg1_theta_relative_power_mean_median,h5,spectral_power
h5__eeg1_theta_relative_power_std_median,h5,spectral_power
h5__eeg1_theta_relative_power_median_median,h5,spectral_power
h5__eeg1_alpha_power_mean_median,h5,spectral_power
h5__eeg1_alpha_power_std_median,h5,spectral_power
h5__eeg1_alpha_power_median_median,h5,spectral_power
h5__eeg1_alpha_relative_power_mean_median,h5,spectral_power
h5__eeg1_alpha_relative_power_std_median,h5,spectral_power
h5__eeg1_alpha_relative_power_median_median,h5,spectral_power
h5__eeg1_sigma_power_mean_median,h5,spectral_power
h5__eeg1_sigma_power_std_median,h5,spectral_power
h5__eeg1_sigma_power_median_median,h5,spectral_power
h5__eeg1_sigma_relative_power_mean_median,h5,spectral_power
h5__eeg1_sigma_relative_power_std_median,h5,spectral_power
h5__eeg1_sigma_relative_power_median_median,h5,spectral_power
h5__eeg1_beta_power_mean_median,h5,spectral_power
h5__eeg1_beta_power_std_median,h5,spectral_power
h5__eeg1_beta_power_median_median,h5,spectral_power
h5__eeg1_beta_relative_power_mean_median,h5,spectral_power
h5__eeg1_beta_relative_power_std_median,h5,spectral_power
h5__eeg1_beta_relative_power_median_median,h5,spectral_power
h5__eeg1_theta_alpha_ratio_mean_median,h5,spectral_ratio
h5__eeg1_theta_alpha_ratio_std_median,h5,spectral_ratio
h5__eeg1_theta_alpha_ratio_median_median,h5,spectral_ratio
h5__eeg1_delta_beta_ratio_mean_median,h5,spectral_ratio
h5__eeg1_delta_beta_ratio_std_median,h5,spectral_ratio
h5__eeg1_delta_beta_ratio_median_median,h5,spectral_ratio
h5__eeg1_delta_sigma_ratio_mean_median,h5,spectral_ratio
h5__eeg1_delta_sigma_ratio_std_median,h5,spectral_ratio
h5__eeg1_delta_sigma_ratio_median_median,h5,spectral_ratio
h5__eeg2_mean_mean_median,h5,time_domain
h5__eeg2_mean_std_median,h5,time_domain
h5__eeg2_mean_median_median,h5,time_domain
h5__eeg2_std_mean_median,h5,time_domain
h5__eeg2_std_std_median,h5,time_domain
h5__eeg2_std_median_median,h5,time_domain
h5__eeg2_iqr_mean_median,h5,time_domain
h5__eeg2_iqr_std_median,h5,time_domain
h5__eeg2_iqr_median_median,h5,time_domain
h5__eeg2_skew_mean_median,h5,time_domain
h5__eeg2_skew_std_median,h5,time_domain
h5__eeg2_skew_median_median,h5,time_domain
h5__eeg2_kurtosis_mean_median,h5,time_domain
h5__eeg2_kurtosis_std_median,h5,time_domain
h5__eeg2_kurtosis_median_median,h5,time_domain
h5__eeg2_zero_crossings_mean_median,h5,time_domain
h5__eeg2_zero_crossings_std_median,h5,time_domain
h5__eeg2_zero_crossings_median_median,h5,time_domain
h5__eeg2_hjorth_mobility_mean_median,h5,hjorth
h5__eeg2_hjorth_mobility_std_median,h5,hjorth
h5__eeg2_hjorth_mobility_median_median,h5,hjorth
h5__eeg2_hjorth_complexity_mean_median,h5,hjorth
h5__eeg2_hjorth_complexity_std_median,h5,hjorth
h5__eeg2_hjorth_complexity_median_median,h5,hjorth
h5__eeg2_total_power_0p5_30_mean_median,h5,spectral_power
h5__eeg2_total_power_0p5_30_std_median,h5,spectral_power
h5__eeg2_total_power_0p5_30_median_median,h5,spectral_power
h5__eeg2_delta_power_mean_median,h5,spectral_power
h5__eeg2_delta_power_std_median,h5,spectral_power
h5__eeg2_delta_power_median_median,h5,spectral_power
h5__eeg2_delta_relative_power_mean_median,h5,spectral_power
h5__eeg2_delta_relative_power_std_median,h5,spectral_power
h5__eeg2_delta_relative_power_median_median,h5,spectral_power
h5__eeg2_theta_power_mean_median,h5,spectral_power
h5__eeg2_theta_power_std_median,h5,spectral_power
h5__eeg2_theta_power_median_median,h5,spectral_power
h5__eeg2_theta_relative_power_mean_median,h5,spectral_power
h5__eeg2_theta_relative_power_std_median,h5,spectral_power
h5__eeg2_theta_relative_power_median_median,h5,spectral_power
h5__eeg2_alpha_power_mean_median,h5,spectral_power
h5__eeg2_alpha_power_std_median,h5,spectral_power
h5__eeg2_alpha_power_median_median,h5,spectral_power
h5__eeg2_alpha_relative_power_mean_median,h5,spectral_power
h5__eeg2_alpha_relative_power_std_median,h5,spectral_power
h5__eeg2_alpha_relative_power_median_median,h5,spectral_power
h5__eeg2_sigma_power_mean_median,h5,spectral_power
h5__eeg2_sigma_power_std_median,h5,spectral_power
h5__eeg2_sigma_power_median_median,h5,spectral_power
h5__eeg2_sigma_relative_power_mean_median,h5,spectral_power
h5__eeg2_sigma_relative_power_std_median,h5,spectral_power
h5__eeg2_sigma_relative_power_median_median,h5,spectral_power
h5__eeg2_beta_power_mean_median,h5,spectral_power
h5__eeg2_beta_power_std_median,h5,spectral_power
h5__eeg2_beta_power_median_median,h5,spectral_power
h5__eeg2_beta_relative_power_mean_median,h5,spectral_power
h5__eeg2_beta_relative_power_std_median,h5,spectral_power
h5__eeg2_beta_relative_power_median_median,h5,spectral_power
h5__eeg2_theta_alpha_ratio_mean_median,h5,spectral_ratio
h5__eeg2_theta_alpha_ratio_std_median,h5,spectral_ratio
h5__eeg2_theta_alpha_ratio_median_median,h5,spectral_ratio
h5__eeg2_delta_beta_ratio_mean_median,h5,spectral_ratio
h5__eeg2_delta_beta_ratio_std_median,h5,spectral_ratio
h5__eeg2_delta_beta_ratio_median_median,h5,spectral_ratio
h5__eeg2_delta_sigma_ratio_mean_median,h5,spectral_ratio
h5__eeg2_delta_sigma_ratio_std_median,h5,spectral_ratio
h5__eeg2_delta_sigma_ratio_median_median,h5,spectral_ratio
h5__eeg3_mean_mean_median,h5,time_domain
h5__eeg3_mean_std_median,h5,time_domain
h5__eeg3_mean_median_median,h5,time_domain
h5__eeg3_std_mean_median,h5,time_domain
h5__eeg3_std_std_median,h5,time_domain
h5__eeg3_std_median_median,h5,time_domain
h5__eeg3_iqr_mean_median,h5,time_domain
h5__eeg3_iqr_std_median,h5,time_domain
h5__eeg3_iqr_median_median,h5,time_domain
h5__eeg3_skew_mean_median,h5,time_domain
h5__eeg3_skew_std_median,h5,time_domain
h5__eeg3_skew_median_median,h5,time_domain
h5__eeg3_kurtosis_mean_median,h5,time_domain
h5__eeg3_kurtosis_std_median,h5,time_domain
h5__eeg3_kurtosis_median_median,h5,time_domain
h5__eeg3_zero_crossings_mean_median,h5,time_domain
h5__eeg3_zero_crossings_std_median,h5,time_domain
h5__eeg3_zero_crossings_median_median,h5,time_domain
h5__eeg3_hjorth_mobility_mean_median,h5,hjorth
h5__eeg3_hjorth_mobility_std_median,h5,hjorth
h5__eeg3_hjorth_mobility_median_median,h5,hjorth
h5__eeg3_hjorth_complexity_mean_median,h5,hjorth
h5__eeg3_hjorth_complexity_std_median,h5,hjorth
h5__eeg3_hjorth_complexity_median_median,h5,hjorth
h5__eeg3_total_power_0p5_30_mean_median,h5,spectral_power
h5__eeg3_total_power_0p5_30_std_median,h5,spectral_power
h5__eeg3_total_power_0p5_30_median_median,h5,spectral_power
h5__eeg3_delta_power_mean_median,h5,spectral_power
h5__eeg3_delta_power_std_median,h5,spectral_power
h5__eeg3_delta_power_median_median,h5,spectral_power
h5__eeg3_delta_relative_power_mean_median,h5,spectral_power
h5__eeg3_delta_relative_power_std_median,h5,spectral_power
h5__eeg3_delta_relative_power_median_median,h5,spectral_power
h5__eeg3_theta_power_mean_median,h5,spectral_power
h5__eeg3_theta_power_std_median,h5,spectral_power
h5__eeg3_theta_power_median_median,h5,spectral_power
h5__eeg3_theta_relative_power_mean_median,h5,spectral_power
h5__eeg3_theta_relative_power_std_median,h5,spectral_power
h5__eeg3_theta_relative_power_median_median,h5,spectral_power
h5__eeg3_alpha_power_mean_median,h5,spectral_power
h5__eeg3_alpha_power_std_median,h5,spectral_power
h5__eeg3_alpha_power_median_median,h5,spectral_power
h5__eeg3_alpha_relative_power_mean_median,h5,spectral_power
h5__eeg3_alpha_relative_power_std_median,h5,spectral_power
h5__eeg3_alpha_relative_power_median_median,h5,spectral_power
h5__eeg3_sigma_power_mean_median,h5,spectral_power
h5__eeg3_sigma_power_std_median,h5,spectral_power
h5__eeg3_sigma_power_median_median,h5,spectral_power
h5__eeg3_sigma_relative_power_mean_median,h5,spectral_power
h5__eeg3_sigma_relative_power_std_median,h5,spectral_power
h5__eeg3_sigma_relative_power_median_median,h5,spectral_power
h5__eeg3_beta_power_mean_median,h5,spectral_power
h5__eeg3_beta_power_std_median,h5,spectral_power
h5__eeg3_beta_power_median_median,h5,spectral_power
h5__eeg3_beta_relative_power_mean_median,h5,spectral_power
h5__eeg3_beta_relative_power_std_median,h5,spectral_power
h5__eeg3_beta_relative_power_median_median,h5,spectral_power
h5__eeg3_theta_alpha_ratio_mean_median,h5,spectral_ratio
h5__eeg3_theta_alpha_ratio_std_median,h5,spectral_ratio
h5__eeg3_theta_alpha_ratio_median_median,h5,spectral_ratio
h5__eeg3_delta_beta_ratio_mean_median,h5,spectral_ratio
h5__eeg3_delta_beta_ratio_std_median,h5,spectral_ratio
h5__eeg3_delta_beta_ratio_median_median,h5,spectral_ratio
h5__eeg3_delta_sigma_ratio_mean_median,h5,spectral_ratio
h5__eeg3_delta_sigma_ratio_std_median,h5,spectral_ratio
h5__eeg3_delta_sigma_ratio_median_median,h5,spectral_ratio
h5__eeg4_mean_mean_median,h5,time_domain
h5__eeg4_mean_std_median,h5,time_domain
h5__eeg4_mean_median_median,h5,time_domain
h5__eeg4_std_mean_median,h5,time_domain
h5__eeg4_std_std_median,h5,time_domain
h5__eeg4_std_median_median,h5,time_domain
h5__eeg4_iqr_mean_median,h5,time_domain
h5__eeg4_iqr_std_median,h5,time_domain
h5__eeg4_iqr_median_median,h5,time_domain
h5__eeg4_skew_mean_median,h5,time_domain
h5__eeg4_skew_std_median,h5,time_domain
h5__eeg4_skew_median_median,h5,time_domain
h5__eeg4_kurtosis_mean_median,h5,time_domain
h5__eeg4_kurtosis_std_median,h5,time_domain
h5__eeg4_kurtosis_median_median,h5,time_domain
h5__eeg4_zero_crossings_mean_median,h5,time_domain
h5__eeg4_zero_crossings_std_median,h5,time_domain
h5__eeg4_zero_crossings_median_median,h5,time_domain
h5__eeg4_hjorth_mobility_mean_median,h5,hjorth
h5__eeg4_hjorth_mobility_std_median,h5,hjorth
h5__eeg4_hjorth_mobility_median_median,h5,hjorth
h5__eeg4_hjorth_complexity_mean_median,h5,hjorth
h5__eeg4_hjorth_complexity_std_median,h5,hjorth
h5__eeg4_hjorth_complexity_median_median,h5,hjorth
h5__eeg4_total_power_0p5_30_mean_median,h5,spectral_power
h5__eeg4_total_power_0p5_30_std_median,h5,spectral_power
h5__eeg4_total_power_0p5_30_median_median,h5,spectral_power
h5__eeg4_delta_power_mean_median,h5,spectral_power
h5__eeg4_delta_power_std_median,h5,spectral_power
h5__eeg4_delta_power_median_median,h5,spectral_power
h5__eeg4_delta_relative_power_mean_median,h5,spectral_power
h5__eeg4_delta_relative_power_std_median,h5,spectral_power
h5__eeg4_delta_relative_power_median_median,h5,spectral_power
h5__eeg4_theta_power_mean_median,h5,spectral_power
h5__eeg4_theta_power_std_median,h5,spectral_power
h5__eeg4_theta_power_median_median,h5,spectral_power
h5__eeg4_theta_relative_power_mean_median,h5,spectral_power
h5__eeg4_theta_relative_power_std_median,h5,spectral_power
h5__eeg4_theta_relative_power_median_median,h5,spectral_power
h5__eeg4_alpha_power_mean_median,h5,spectral_power
h5__eeg4_alpha_power_std_median,h5,spectral_power
h5__eeg4_alpha_power_median_median,h5,spectral_power
h5__eeg4_alpha_relative_power_mean_median,h5,spectral_power
h5__eeg4_alpha_relative_power_std_median,h5,spectral_power
h5__eeg4_alpha_relative_power_median_median,h5,spectral_power
h5__eeg4_sigma_power_mean_median,h5,spectral_power
h5__eeg4_sigma_power_std_median,h5,spectral_power
h5__eeg4_sigma_power_median_median,h5,spectral_power
h5__eeg4_sigma_relative_power_mean_median,h5,spectral_power
h5__eeg4_sigma_relative_power_std_median,h5,spectral_power
h5__eeg4_sigma_relative_power_median_median,h5,spectral_power
h5__eeg4_beta_power_mean_median,h5,spectral_power
h5__eeg4_beta_power_std_median,h5,spectral_power
h5__eeg4_beta_power_median_median,h5,spectral_power
h5__eeg4_beta_relative_power_mean_median,h5,spectral_power
h5__eeg4_beta_relative_power_std_median,h5,spectral_power
h5__eeg4_beta_relative_power_median_median,h5,spectral_power
h5__eeg4_theta_alpha_ratio_mean_median,h5,spectral_ratio
h5__eeg4_theta_alpha_ratio_std_median,h5,spectral_ratio
h5__eeg4_theta_alpha_ratio_median_median,h5,spectral_ratio
h5__eeg4_delta_beta_ratio_mean_median,h5,spectral_ratio
h5__eeg4_delta_beta_ratio_std_median,h5,spectral_ratio
h5__eeg4_delta_beta_ratio_median_median,h5,spectral_ratio
h5__eeg4_delta_sigma_ratio_mean_median,h5,spectral_ratio
h5__eeg4_delta_sigma_ratio_std_median,h5,spectral_ratio
h5__eeg4_delta_sigma_ratio_median_median,h5,spectral_ratio
h5__n_epochs_std,h5,time_domain
h5__wake_epochs_std,h5,sleep_architecture
h5__sleep_epochs_std,h5,time_domain
h5__tst_minutes_from_hypnogram_std,h5,sleep_architecture
h5__sleep_efficiency_epoch_ratio_std,h5,sleep_architecture
h5__Wake_epochs_std,h5,sleep_architecture
h5__Wake_percentage_std,h5,sleep_architecture
h5__N1_epochs_std,h5,sleep_architecture
h5__N1_percentage_std,h5,sleep_architecture
h5__N2_epochs_std,h5,sleep_architecture
h5__N2_percentage_std,h5,sleep_architecture
h5__N3_epochs_std,h5,sleep_architecture
h5__N3_percentage_std,h5,sleep_architecture
h5__REM_epochs_std,h5,sleep_architecture
h5__REM_percentage_std,h5,sleep_architecture
h5__eeg1_mean_mean_std,h5,time_domain
h5__eeg1_mean_std_std,h5,time_domain
h5__eeg1_mean_median_std,h5,time_domain
h5__eeg1_std_mean_std,h5,time_domain
h5__eeg1_std_std_std,h5,time_domain
h5__eeg1_std_median_std,h5,time_domain
h5__eeg1_iqr_mean_std,h5,time_domain
h5__eeg1_iqr_std_std,h5,time_domain
h5__eeg1_iqr_median_std,h5,time_domain
h5__eeg1_skew_mean_std,h5,time_domain
h5__eeg1_skew_std_std,h5,time_domain
h5__eeg1_skew_median_std,h5,time_domain
h5__eeg1_kurtosis_mean_std,h5,time_domain
h5__eeg1_kurtosis_std_std,h5,time_domain
h5__eeg1_kurtosis_median_std,h5,time_domain
h5__eeg1_zero_crossings_mean_std,h5,time_domain
h5__eeg1_zero_crossings_std_std,h5,time_domain
h5__eeg1_zero_crossings_median_std,h5,time_domain
h5__eeg1_hjorth_mobility_mean_std,h5,hjorth
h5__eeg1_hjorth_mobility_std_std,h5,hjorth
h5__eeg1_hjorth_mobility_median_std,h5,hjorth
h5__eeg1_hjorth_complexity_mean_std,h5,hjorth
h5__eeg1_hjorth_complexity_std_std,h5,hjorth
h5__eeg1_hjorth_complexity_median_std,h5,hjorth
h5__eeg1_total_power_0p5_30_mean_std,h5,spectral_power
h5__eeg1_total_power_0p5_30_std_std,h5,spectral_power
h5__eeg1_total_power_0p5_30_median_std,h5,spectral_power
h5__eeg1_delta_power_mean_std,h5,spectral_power
h5__eeg1_delta_power_std_std,h5,spectral_power
h5__eeg1_delta_power_median_std,h5,spectral_power
h5__eeg1_delta_relative_power_mean_std,h5,spectral_power
h5__eeg1_delta_relative_power_std_std,h5,spectral_power
h5__eeg1_delta_relative_power_median_std,h5,spectral_power
h5__eeg1_theta_power_mean_std,h5,spectral_power
h5__eeg1_theta_power_std_std,h5,spectral_power
h5__eeg1_theta_power_median_std,h5,spectral_power
h5__eeg1_theta_relative_power_mean_std,h5,spectral_power
h5__eeg1_theta_relative_power_std_std,h5,spectral_power
h5__eeg1_theta_relative_power_median_std,h5,spectral_power
h5__eeg1_alpha_power_mean_std,h5,spectral_power
h5__eeg1_alpha_power_std_std,h5,spectral_power
h5__eeg1_alpha_power_median_std,h5,spectral_power
h5__eeg1_alpha_relative_power_mean_std,h5,spectral_power
h5__eeg1_alpha_relative_power_std_std,h5,spectral_power
h5__eeg1_alpha_relative_power_median_std,h5,spectral_power
h5__eeg1_sigma_power_mean_std,h5,spectral_power
h5__eeg1_sigma_power_std_std,h5,spectral_power
h5__eeg1_sigma_power_median_std,h5,spectral_power
h5__eeg1_sigma_relative_power_mean_std,h5,spectral_power
h5__eeg1_sigma_relative_power_std_std,h5,spectral_power
h5__eeg1_sigma_relative_power_median_std,h5,spectral_power
h5__eeg1_beta_power_mean_std,h5,spectral_power
h5__eeg1_beta_power_std_std,h5,spectral_power
h5__eeg1_beta_power_median_std,h5,spectral_power
h5__eeg1_beta_relative_power_mean_std,h5,spectral_power
h5__eeg1_beta_relative_power_std_std,h5,spectral_power
h5__eeg1_beta_relative_power_median_std,h5,spectral_power
h5__eeg1_theta_alpha_ratio_mean_std,h5,spectral_ratio
h5__eeg1_theta_alpha_ratio_std_std,h5,spectral_ratio
h5__eeg1_theta_alpha_ratio_median_std,h5,spectral_ratio
h5__eeg1_delta_beta_ratio_mean_std,h5,spectral_ratio
h5__eeg1_delta_beta_ratio_std_std,h5,spectral_ratio
h5__eeg1_delta_beta_ratio_median_std,h5,spectral_ratio
h5__eeg1_delta_sigma_ratio_mean_std,h5,spectral_ratio
h5__eeg1_delta_sigma_ratio_std_std,h5,spectral_ratio
h5__eeg1_delta_sigma_ratio_median_std,h5,spectral_ratio
h5__eeg2_mean_mean_std,h5,time_domain
h5__eeg2_mean_std_std,h5,time_domain
h5__eeg2_mean_median_std,h5,time_domain
h5__eeg2_std_mean_std,h5,time_domain
h5__eeg2_std_std_std,h5,time_domain
h5__eeg2_std_median_std,h5,time_domain
h5__eeg2_iqr_mean_std,h5,time_domain
h5__eeg2_iqr_std_std,h5,time_domain
h5__eeg2_iqr_median_std,h5,time_domain
h5__eeg2_skew_mean_std,h5,time_domain
h5__eeg2_skew_std_std,h5,time_domain
h5__eeg2_skew_median_std,h5,time_domain
h5__eeg2_kurtosis_mean_std,h5,time_domain
h5__eeg2_kurtosis_std_std,h5,time_domain
h5__eeg2_kurtosis_median_std,h5,time_domain
h5__eeg2_zero_crossings_mean_std,h5,time_domain
h5__eeg2_zero_crossings_std_std,h5,time_domain
h5__eeg2_zero_crossings_median_std,h5,time_domain
h5__eeg2_hjorth_mobility_mean_std,h5,hjorth
h5__eeg2_hjorth_mobility_std_std,h5,hjorth
h5__eeg2_hjorth_mobility_median_std,h5,hjorth
h5__eeg2_hjorth_complexity_mean_std,h5,hjorth
h5__eeg2_hjorth_complexity_std_std,h5,hjorth
h5__eeg2_hjorth_complexity_median_std,h5,hjorth
h5__eeg2_total_power_0p5_30_mean_std,h5,spectral_power
h5__eeg2_total_power_0p5_30_std_std,h5,spectral_power
h5__eeg2_total_power_0p5_30_median_std,h5,spectral_power
h5__eeg2_delta_power_mean_std,h5,spectral_power
h5__eeg2_delta_power_std_std,h5,spectral_power
h5__eeg2_delta_power_median_std,h5,spectral_power
h5__eeg2_delta_relative_power_mean_std,h5,spectral_power
h5__eeg2_delta_relative_power_std_std,h5,spectral_power
h5__eeg2_delta_relative_power_median_std,h5,spectral_power
h5__eeg2_theta_power_mean_std,h5,spectral_power
h5__eeg2_theta_power_std_std,h5,spectral_power
h5__eeg2_theta_power_median_std,h5,spectral_power
h5__eeg2_theta_relative_power_mean_std,h5,spectral_power
h5__eeg2_theta_relative_power_std_std,h5,spectral_power
h5__eeg2_theta_relative_power_median_std,h5,spectral_power
h5__eeg2_alpha_power_mean_std,h5,spectral_power
h5__eeg2_alpha_power_std_std,h5,spectral_power
h5__eeg2_alpha_power_median_std,h5,spectral_power
h5__eeg2_alpha_relative_power_mean_std,h5,spectral_power
h5__eeg2_alpha_relative_power_std_std,h5,spectral_power
h5__eeg2_alpha_relative_power_median_std,h5,spectral_power
h5__eeg2_sigma_power_mean_std,h5,spectral_power
h5__eeg2_sigma_power_std_std,h5,spectral_power
h5__eeg2_sigma_power_median_std,h5,spectral_power
h5__eeg2_sigma_relative_power_mean_std,h5,spectral_power
h5__eeg2_sigma_relative_power_std_std,h5,spectral_power
h5__eeg2_sigma_relative_power_median_std,h5,spectral_power
h5__eeg2_beta_power_mean_std,h5,spectral_power
h5__eeg2_beta_power_std_std,h5,spectral_power
h5__eeg2_beta_power_median_std,h5,spectral_power
h5__eeg2_beta_relative_power_mean_std,h5,spectral_power
h5__eeg2_beta_relative_power_std_std,h5,spectral_power
h5__eeg2_beta_relative_power_median_std,h5,spectral_power
h5__eeg2_theta_alpha_ratio_mean_std,h5,spectral_ratio
h5__eeg2_theta_alpha_ratio_std_std,h5,spectral_ratio
h5__eeg2_theta_alpha_ratio_median_std,h5,spectral_ratio
h5__eeg2_delta_beta_ratio_mean_std,h5,spectral_ratio
h5__eeg2_delta_beta_ratio_std_std,h5,spectral_ratio
h5__eeg2_delta_beta_ratio_median_std,h5,spectral_ratio
h5__eeg2_delta_sigma_ratio_mean_std,h5,spectral_ratio
h5__eeg2_delta_sigma_ratio_std_std,h5,spectral_ratio
h5__eeg2_delta_sigma_ratio_median_std,h5,spectral_ratio
h5__eeg3_mean_mean_std,h5,time_domain
h5__eeg3_mean_std_std,h5,time_domain
h5__eeg3_mean_median_std,h5,time_domain
h5__eeg3_std_mean_std,h5,time_domain
h5__eeg3_std_std_std,h5,time_domain
h5__eeg3_std_median_std,h5,time_domain
h5__eeg3_iqr_mean_std,h5,time_domain
h5__eeg3_iqr_std_std,h5,time_domain
h5__eeg3_iqr_median_std,h5,time_domain
h5__eeg3_skew_mean_std,h5,time_domain
h5__eeg3_skew_std_std,h5,time_domain
h5__eeg3_skew_median_std,h5,time_domain
h5__eeg3_kurtosis_mean_std,h5,time_domain
h5__eeg3_kurtosis_std_std,h5,time_domain
h5__eeg3_kurtosis_median_std,h5,time_domain
h5__eeg3_zero_crossings_mean_std,h5,time_domain
h5__eeg3_zero_crossings_std_std,h5,time_domain
h5__eeg3_zero_crossings_median_std,h5,time_domain
h5__eeg3_hjorth_mobility_mean_std,h5,hjorth
h5__eeg3_hjorth_mobility_std_std,h5,hjorth
h5__eeg3_hjorth_mobility_median_std,h5,hjorth
h5__eeg3_hjorth_complexity_mean_std,h5,hjorth
h5__eeg3_hjorth_complexity_std_std,h5,hjorth
h5__eeg3_hjorth_complexity_median_std,h5,hjorth
h5__eeg3_total_power_0p5_30_mean_std,h5,spectral_power
h5__eeg3_total_power_0p5_30_std_std,h5,spectral_power
h5__eeg3_total_power_0p5_30_median_std,h5,spectral_power
h5__eeg3_delta_power_mean_std,h5,spectral_power
h5__eeg3_delta_power_std_std,h5,spectral_power
h5__eeg3_delta_power_median_std,h5,spectral_power
h5__eeg3_delta_relative_power_mean_std,h5,spectral_power
h5__eeg3_delta_relative_power_std_std,h5,spectral_power
h5__eeg3_delta_relative_power_median_std,h5,spectral_power
h5__eeg3_theta_power_mean_std,h5,spectral_power
h5__eeg3_theta_power_std_std,h5,spectral_power
h5__eeg3_theta_power_median_std,h5,spectral_power
h5__eeg3_theta_relative_power_mean_std,h5,spectral_power
h5__eeg3_theta_relative_power_std_std,h5,spectral_power
h5__eeg3_theta_relative_power_median_std,h5,spectral_power
h5__eeg3_alpha_power_mean_std,h5,spectral_power
h5__eeg3_alpha_power_std_std,h5,spectral_power
h5__eeg3_alpha_power_median_std,h5,spectral_power
h5__eeg3_alpha_relative_power_mean_std,h5,spectral_power
h5__eeg3_alpha_relative_power_std_std,h5,spectral_power
h5__eeg3_alpha_relative_power_median_std,h5,spectral_power
h5__eeg3_sigma_power_mean_std,h5,spectral_power
h5__eeg3_sigma_power_std_std,h5,spectral_power
h5__eeg3_sigma_power_median_std,h5,spectral_power
h5__eeg3_sigma_relative_power_mean_std,h5,spectral_power
h5__eeg3_sigma_relative_power_std_std,h5,spectral_power
h5__eeg3_sigma_relative_power_median_std,h5,spectral_power
h5__eeg3_beta_power_mean_std,h5,spectral_power
h5__eeg3_beta_power_std_std,h5,spectral_power
h5__eeg3_beta_power_median_std,h5,spectral_power
h5__eeg3_beta_relative_power_mean_std,h5,spectral_power
h5__eeg3_beta_relative_power_std_std,h5,spectral_power
h5__eeg3_beta_relative_power_median_std,h5,spectral_power
h5__eeg3_theta_alpha_ratio_mean_std,h5,spectral_ratio
h5__eeg3_theta_alpha_ratio_std_std,h5,spectral_ratio
h5__eeg3_theta_alpha_ratio_median_std,h5,spectral_ratio
h5__eeg3_delta_beta_ratio_mean_std,h5,spectral_ratio
h5__eeg3_delta_beta_ratio_std_std,h5,spectral_ratio
h5__eeg3_delta_beta_ratio_median_std,h5,spectral_ratio
h5__eeg3_delta_sigma_ratio_mean_std,h5,spectral_ratio
h5__eeg3_delta_sigma_ratio_std_std,h5,spectral_ratio
h5__eeg3_delta_sigma_ratio_median_std,h5,spectral_ratio
h5__eeg4_mean_mean_std,h5,time_domain
h5__eeg4_mean_std_std,h5,time_domain
h5__eeg4_mean_median_std,h5,time_domain
h5__eeg4_std_mean_std,h5,time_domain
h5__eeg4_std_std_std,h5,time_domain
h5__eeg4_std_median_std,h5,time_domain
h5__eeg4_iqr_mean_std,h5,time_domain
h5__eeg4_iqr_std_std,h5,time_domain
h5__eeg4_iqr_median_std,h5,time_domain
h5__eeg4_skew_mean_std,h5,time_domain
h5__eeg4_skew_std_std,h5,time_domain
h5__eeg4_skew_median_std,h5,time_domain
h5__eeg4_kurtosis_mean_std,h5,time_domain
h5__eeg4_kurtosis_std_std,h5,time_domain
h5__eeg4_kurtosis_median_std,h5,time_domain
h5__eeg4_zero_crossings_mean_std,h5,time_domain
h5__eeg4_zero_crossings_std_std,h5,time_domain
h5__eeg4_zero_crossings_median_std,h5,time_domain
h5__eeg4_hjorth_mobility_mean_std,h5,hjorth
h5__eeg4_hjorth_mobility_std_std,h5,hjorth
h5__eeg4_hjorth_mobility_median_std,h5,hjorth
h5__eeg4_hjorth_complexity_mean_std,h5,hjorth
h5__eeg4_hjorth_complexity_std_std,h5,hjorth
h5__eeg4_hjorth_complexity_median_std,h5,hjorth
h5__eeg4_total_power_0p5_30_mean_std,h5,spectral_power
h5__eeg4_total_power_0p5_30_std_std,h5,spectral_power
h5__eeg4_total_power_0p5_30_median_std,h5,spectral_power
h5__eeg4_delta_power_mean_std,h5,spectral_power
h5__eeg4_delta_power_std_std,h5,spectral_power
h5__eeg4_delta_power_median_std,h5,spectral_power
h5__eeg4_delta_relative_power_mean_std,h5,spectral_power
h5__eeg4_delta_relative_power_std_std,h5,spectral_power
h5__eeg4_delta_relative_power_median_std,h5,spectral_power
h5__eeg4_theta_power_mean_std,h5,spectral_power
h5__eeg4_theta_power_std_std,h5,spectral_power
h5__eeg4_theta_power_median_std,h5,spectral_power
h5__eeg4_theta_relative_power_mean_std,h5,spectral_power
h5__eeg4_theta_relative_power_std_std,h5,spectral_power
h5__eeg4_theta_relative_power_median_std,h5,spectral_power
h5__eeg4_alpha_power_mean_std,h5,spectral_power
h5__eeg4_alpha_power_std_std,h5,spectral_power
h5__eeg4_alpha_power_median_std,h5,spectral_power
h5__eeg4_alpha_relative_power_mean_std,h5,spectral_power
h5__eeg4_alpha_relative_power_std_std,h5,spectral_power
h5__eeg4_alpha_relative_power_median_std,h5,spectral_power
h5__eeg4_sigma_power_mean_std,h5,spectral_power
h5__eeg4_sigma_power_std_std,h5,spectral_power
h5__eeg4_sigma_power_median_std,h5,spectral_power
h5__eeg4_sigma_relative_power_mean_std,h5,spectral_power
h5__eeg4_sigma_relative_power_std_std,h5,spectral_power
h5__eeg4_sigma_relative_power_median_std,h5,spectral_power
h5__eeg4_beta_power_mean_std,h5,spectral_power
h5__eeg4_beta_power_std_std,h5,spectral_power
h5__eeg4_beta_power_median_std,h5,spectral_power
h5__eeg4_beta_relative_power_mean_std,h5,spectral_power
h5__eeg4_beta_relative_power_std_std,h5,spectral_power
h5__eeg4_beta_relative_power_median_std,h5,spectral_power
h5__eeg4_theta_alpha_ratio_mean_std,h5,spectral_ratio
h5__eeg4_theta_alpha_ratio_std_std,h5,spectral_ratio
h5__eeg4_theta_alpha_ratio_median_std,h5,spectral_ratio
h5__eeg4_delta_beta_ratio_mean_std,h5,spectral_ratio
h5__eeg4_delta_beta_ratio_std_std,h5,spectral_ratio
h5__eeg4_delta_beta_ratio_median_std,h5,spectral_ratio
h5__eeg4_delta_sigma_ratio_mean_std,h5,spectral_ratio
h5__eeg4_delta_sigma_ratio_std_std,h5,spectral_ratio
h5__eeg4_delta_sigma_ratio_median_std,h5,spectral_ratio
h5__n_epochs_min,h5,sleep_architecture
h5__wake_epochs_min,h5,sleep_architecture
h5__sleep_epochs_min,h5,sleep_architecture
h5__tst_minutes_from_hypnogram_min,h5,sleep_architecture
h5__sleep_efficiency_epoch_ratio_min,h5,sleep_architecture
h5__Wake_epochs_min,h5,sleep_architecture
h5__Wake_percentage_min,h5,sleep_architecture
h5__N1_epochs_min,h5,sleep_architecture
h5__N1_percentage_min,h5,sleep_architecture
h5__N2_epochs_min,h5,sleep_architecture
h5__N2_percentage_min,h5,sleep_architecture
h5__N3_epochs_min,h5,sleep_architecture
h5__N3_percentage_min,h5,sleep_architecture
h5__REM_epochs_min,h5,sleep_architecture
h5__REM_percentage_min,h5,sleep_architecture
h5__eeg1_mean_mean_min,h5,time_domain
h5__eeg1_mean_std_min,h5,time_domain
h5__eeg1_mean_median_min,h5,time_domain
h5__eeg1_std_mean_min,h5,time_domain
h5__eeg1_std_std_min,h5,time_domain
h5__eeg1_std_median_min,h5,time_domain
h5__eeg1_iqr_mean_min,h5,time_domain
h5__eeg1_iqr_std_min,h5,time_domain
h5__eeg1_iqr_median_min,h5,time_domain
h5__eeg1_skew_mean_min,h5,time_domain
h5__eeg1_skew_std_min,h5,time_domain
h5__eeg1_skew_median_min,h5,time_domain
h5__eeg1_kurtosis_mean_min,h5,time_domain
h5__eeg1_kurtosis_std_min,h5,time_domain
h5__eeg1_kurtosis_median_min,h5,time_domain
h5__eeg1_zero_crossings_mean_min,h5,time_domain
h5__eeg1_zero_crossings_std_min,h5,time_domain
h5__eeg1_zero_crossings_median_min,h5,time_domain
h5__eeg1_hjorth_mobility_mean_min,h5,hjorth
h5__eeg1_hjorth_mobility_std_min,h5,hjorth
h5__eeg1_hjorth_mobility_median_min,h5,hjorth
h5__eeg1_hjorth_complexity_mean_min,h5,hjorth
h5__eeg1_hjorth_complexity_std_min,h5,hjorth
h5__eeg1_hjorth_complexity_median_min,h5,hjorth
h5__eeg1_total_power_0p5_30_mean_min,h5,spectral_power
h5__eeg1_total_power_0p5_30_std_min,h5,spectral_power
h5__eeg1_total_power_0p5_30_median_min,h5,spectral_power
h5__eeg1_delta_power_mean_min,h5,spectral_power
h5__eeg1_delta_power_std_min,h5,spectral_power
h5__eeg1_delta_power_median_min,h5,spectral_power
h5__eeg1_delta_relative_power_mean_min,h5,spectral_power
h5__eeg1_delta_relative_power_std_min,h5,spectral_power
h5__eeg1_delta_relative_power_median_min,h5,spectral_power
h5__eeg1_theta_power_mean_min,h5,spectral_power
h5__eeg1_theta_power_std_min,h5,spectral_power
h5__eeg1_theta_power_median_min,h5,spectral_power
h5__eeg1_theta_relative_power_mean_min,h5,spectral_power
h5__eeg1_theta_relative_power_std_min,h5,spectral_power
h5__eeg1_theta_relative_power_median_min,h5,spectral_power
h5__eeg1_alpha_power_mean_min,h5,spectral_power
h5__eeg1_alpha_power_std_min,h5,spectral_power
h5__eeg1_alpha_power_median_min,h5,spectral_power
h5__eeg1_alpha_relative_power_mean_min,h5,spectral_power
h5__eeg1_alpha_relative_power_std_min,h5,spectral_power
h5__eeg1_alpha_relative_power_median_min,h5,spectral_power
h5__eeg1_sigma_power_mean_min,h5,spectral_power
h5__eeg1_sigma_power_std_min,h5,spectral_power
h5__eeg1_sigma_power_median_min,h5,spectral_power
h5__eeg1_sigma_relative_power_mean_min,h5,spectral_power
h5__eeg1_sigma_relative_power_std_min,h5,spectral_power
h5__eeg1_sigma_relative_power_median_min,h5,spectral_power
h5__eeg1_beta_power_mean_min,h5,spectral_power
h5__eeg1_beta_power_std_min,h5,spectral_power
h5__eeg1_beta_power_median_min,h5,spectral_power
h5__eeg1_beta_relative_power_mean_min,h5,spectral_power
h5__eeg1_beta_relative_power_std_min,h5,spectral_power
h5__eeg1_beta_relative_power_median_min,h5,spectral_power
h5__eeg1_theta_alpha_ratio_mean_min,h5,spectral_ratio
h5__eeg1_theta_alpha_ratio_std_min,h5,spectral_ratio
h5__eeg1_theta_alpha_ratio_median_min,h5,spectral_ratio
h5__eeg1_delta_beta_ratio_mean_min,h5,spectral_ratio
h5__eeg1_delta_beta_ratio_std_min,h5,spectral_ratio
h5__eeg1_delta_beta_ratio_median_min,h5,spectral_ratio
h5__eeg1_delta_sigma_ratio_mean_min,h5,spectral_ratio
h5__eeg1_delta_sigma_ratio_std_min,h5,spectral_ratio
h5__eeg1_delta_sigma_ratio_median_min,h5,spectral_ratio
h5__eeg2_mean_mean_min,h5,time_domain
h5__eeg2_mean_std_min,h5,time_domain
h5__eeg2_mean_median_min,h5,time_domain
h5__eeg2_std_mean_min,h5,time_domain
h5__eeg2_std_std_min,h5,time_domain
h5__eeg2_std_median_min,h5,time_domain
h5__eeg2_iqr_mean_min,h5,time_domain
h5__eeg2_iqr_std_min,h5,time_domain
h5__eeg2_iqr_median_min,h5,time_domain
h5__eeg2_skew_mean_min,h5,time_domain
h5__eeg2_skew_std_min,h5,time_domain
h5__eeg2_skew_median_min,h5,time_domain
h5__eeg2_kurtosis_mean_min,h5,time_domain
h5__eeg2_kurtosis_std_min,h5,time_domain
h5__eeg2_kurtosis_median_min,h5,time_domain
h5__eeg2_zero_crossings_mean_min,h5,time_domain
h5__eeg2_zero_crossings_std_min,h5,time_domain
h5__eeg2_zero_crossings_median_min,h5,time_domain
h5__eeg2_hjorth_mobility_mean_min,h5,hjorth
h5__eeg2_hjorth_mobility_std_min,h5,hjorth
h5__eeg2_hjorth_mobility_median_min,h5,hjorth
h5__eeg2_hjorth_complexity_mean_min,h5,hjorth
h5__eeg2_hjorth_complexity_std_min,h5,hjorth
h5__eeg2_hjorth_complexity_median_min,h5,hjorth
h5__eeg2_total_power_0p5_30_mean_min,h5,spectral_power
h5__eeg2_total_power_0p5_30_std_min,h5,spectral_power
h5__eeg2_total_power_0p5_30_median_min,h5,spectral_power
h5__eeg2_delta_power_mean_min,h5,spectral_power
h5__eeg2_delta_power_std_min,h5,spectral_power
h5__eeg2_delta_power_median_min,h5,spectral_power
h5__eeg2_delta_relative_power_mean_min,h5,spectral_power
h5__eeg2_delta_relative_power_std_min,h5,spectral_power
h5__eeg2_delta_relative_power_median_min,h5,spectral_power
h5__eeg2_theta_power_mean_min,h5,spectral_power
h5__eeg2_theta_power_std_min,h5,spectral_power
h5__eeg2_theta_power_median_min,h5,spectral_power
h5__eeg2_theta_relative_power_mean_min,h5,spectral_power
h5__eeg2_theta_relative_power_std_min,h5,spectral_power
h5__eeg2_theta_relative_power_median_min,h5,spectral_power
h5__eeg2_alpha_power_mean_min,h5,spectral_power
h5__eeg2_alpha_power_std_min,h5,spectral_power
h5__eeg2_alpha_power_median_min,h5,spectral_power
h5__eeg2_alpha_relative_power_mean_min,h5,spectral_power
h5__eeg2_alpha_relative_power_std_min,h5,spectral_power
h5__eeg2_alpha_relative_power_median_min,h5,spectral_power
h5__eeg2_sigma_power_mean_min,h5,spectral_power
h5__eeg2_sigma_power_std_min,h5,spectral_power
h5__eeg2_sigma_power_median_min,h5,spectral_power
h5__eeg2_sigma_relative_power_mean_min,h5,spectral_power
h5__eeg2_sigma_relative_power_std_min,h5,spectral_power
h5__eeg2_sigma_relative_power_median_min,h5,spectral_power
h5__eeg2_beta_power_mean_min,h5,spectral_power
h5__eeg2_beta_power_std_min,h5,spectral_power
h5__eeg2_beta_power_median_min,h5,spectral_power
h5__eeg2_beta_relative_power_mean_min,h5,spectral_power
h5__eeg2_beta_relative_power_std_min,h5,spectral_power
h5__eeg2_beta_relative_power_median_min,h5,spectral_power
h5__eeg2_theta_alpha_ratio_mean_min,h5,spectral_ratio
h5__eeg2_theta_alpha_ratio_std_min,h5,spectral_ratio
h5__eeg2_theta_alpha_ratio_median_min,h5,spectral_ratio
h5__eeg2_delta_beta_ratio_mean_min,h5,spectral_ratio
h5__eeg2_delta_beta_ratio_std_min,h5,spectral_ratio
h5__eeg2_delta_beta_ratio_median_min,h5,spectral_ratio
h5__eeg2_delta_sigma_ratio_mean_min,h5,spectral_ratio
h5__eeg2_delta_sigma_ratio_std_min,h5,spectral_ratio
h5__eeg2_delta_sigma_ratio_median_min,h5,spectral_ratio
h5__eeg3_mean_mean_min,h5,time_domain
h5__eeg3_mean_std_min,h5,time_domain
h5__eeg3_mean_median_min,h5,time_domain
h5__eeg3_std_mean_min,h5,time_domain
h5__eeg3_std_std_min,h5,time_domain
h5__eeg3_std_median_min,h5,time_domain
h5__eeg3_iqr_mean_min,h5,time_domain
h5__eeg3_iqr_std_min,h5,time_domain
h5__eeg3_iqr_median_min,h5,time_domain
h5__eeg3_skew_mean_min,h5,time_domain
h5__eeg3_skew_std_min,h5,time_domain
h5__eeg3_skew_median_min,h5,time_domain
h5__eeg3_kurtosis_mean_min,h5,time_domain
h5__eeg3_kurtosis_std_min,h5,time_domain
h5__eeg3_kurtosis_median_min,h5,time_domain
h5__eeg3_zero_crossings_mean_min,h5,time_domain
h5__eeg3_zero_crossings_std_min,h5,time_domain
h5__eeg3_zero_crossings_median_min,h5,time_domain
h5__eeg3_hjorth_mobility_mean_min,h5,hjorth
h5__eeg3_hjorth_mobility_std_min,h5,hjorth
h5__eeg3_hjorth_mobility_median_min,h5,hjorth
h5__eeg3_hjorth_complexity_mean_min,h5,hjorth
h5__eeg3_hjorth_complexity_std_min,h5,hjorth
h5__eeg3_hjorth_complexity_median_min,h5,hjorth
h5__eeg3_total_power_0p5_30_mean_min,h5,spectral_power
h5__eeg3_total_power_0p5_30_std_min,h5,spectral_power
h5__eeg3_total_power_0p5_30_median_min,h5,spectral_power
h5__eeg3_delta_power_mean_min,h5,spectral_power
h5__eeg3_delta_power_std_min,h5,spectral_power
h5__eeg3_delta_power_median_min,h5,spectral_power
h5__eeg3_delta_relative_power_mean_min,h5,spectral_power
h5__eeg3_delta_relative_power_std_min,h5,spectral_power
h5__eeg3_delta_relative_power_median_min,h5,spectral_power
h5__eeg3_theta_power_mean_min,h5,spectral_power
h5__eeg3_theta_power_std_min,h5,spectral_power
h5__eeg3_theta_power_median_min,h5,spectral_power
h5__eeg3_theta_relative_power_mean_min,h5,spectral_power
h5__eeg3_theta_relative_power_std_min,h5,spectral_power
h5__eeg3_theta_relative_power_median_min,h5,spectral_power
h5__eeg3_alpha_power_mean_min,h5,spectral_power
h5__eeg3_alpha_power_std_min,h5,spectral_power
h5__eeg3_alpha_power_median_min,h5,spectral_power
h5__eeg3_alpha_relative_power_mean_min,h5,spectral_power
h5__eeg3_alpha_relative_power_std_min,h5,spectral_power
h5__eeg3_alpha_relative_power_median_min,h5,spectral_power
h5__eeg3_sigma_power_mean_min,h5,spectral_power
h5__eeg3_sigma_power_std_min,h5,spectral_power
h5__eeg3_sigma_power_median_min,h5,spectral_power
h5__eeg3_sigma_relative_power_mean_min,h5,spectral_power
h5__eeg3_sigma_relative_power_std_min,h5,spectral_power
h5__eeg3_sigma_relative_power_median_min,h5,spectral_power
h5__eeg3_beta_power_mean_min,h5,spectral_power
h5__eeg3_beta_power_std_min,h5,spectral_power
h5__eeg3_beta_power_median_min,h5,spectral_power
h5__eeg3_beta_relative_power_mean_min,h5,spectral_power
h5__eeg3_beta_relative_power_std_min,h5,spectral_power
h5__eeg3_beta_relative_power_median_min,h5,spectral_power
h5__eeg3_theta_alpha_ratio_mean_min,h5,spectral_ratio
h5__eeg3_theta_alpha_ratio_std_min,h5,spectral_ratio
h5__eeg3_theta_alpha_ratio_median_min,h5,spectral_ratio
h5__eeg3_delta_beta_ratio_mean_min,h5,spectral_ratio
h5__eeg3_delta_beta_ratio_std_min,h5,spectral_ratio
h5__eeg3_delta_beta_ratio_median_min,h5,spectral_ratio
h5__eeg3_delta_sigma_ratio_mean_min,h5,spectral_ratio
h5__eeg3_delta_sigma_ratio_std_min,h5,spectral_ratio
h5__eeg3_delta_sigma_ratio_median_min,h5,spectral_ratio
h5__eeg4_mean_mean_min,h5,time_domain
h5__eeg4_mean_std_min,h5,time_domain
h5__eeg4_mean_median_min,h5,time_domain
h5__eeg4_std_mean_min,h5,time_domain
h5__eeg4_std_std_min,h5,time_domain
h5__eeg4_std_median_min,h5,time_domain
h5__eeg4_iqr_mean_min,h5,time_domain
h5__eeg4_iqr_std_min,h5,time_domain
h5__eeg4_iqr_median_min,h5,time_domain
h5__eeg4_skew_mean_min,h5,time_domain
h5__eeg4_skew_std_min,h5,time_domain
h5__eeg4_skew_median_min,h5,time_domain
h5__eeg4_kurtosis_mean_min,h5,time_domain
h5__eeg4_kurtosis_std_min,h5,time_domain
h5__eeg4_kurtosis_median_min,h5,time_domain
h5__eeg4_zero_crossings_mean_min,h5,time_domain
h5__eeg4_zero_crossings_std_min,h5,time_domain
h5__eeg4_zero_crossings_median_min,h5,time_domain
h5__eeg4_hjorth_mobility_mean_min,h5,hjorth
h5__eeg4_hjorth_mobility_std_min,h5,hjorth
h5__eeg4_hjorth_mobility_median_min,h5,hjorth
h5__eeg4_hjorth_complexity_mean_min,h5,hjorth
h5__eeg4_hjorth_complexity_std_min,h5,hjorth
h5__eeg4_hjorth_complexity_median_min,h5,hjorth
h5__eeg4_total_power_0p5_30_mean_min,h5,spectral_power
h5__eeg4_total_power_0p5_30_std_min,h5,spectral_power
h5__eeg4_total_power_0p5_30_median_min,h5,spectral_power
h5__eeg4_delta_power_mean_min,h5,spectral_power
h5__eeg4_delta_power_std_min,h5,spectral_power
h5__eeg4_delta_power_median_min,h5,spectral_power
h5__eeg4_delta_relative_power_mean_min,h5,spectral_power
h5__eeg4_delta_relative_power_std_min,h5,spectral_power
h5__eeg4_delta_relative_power_median_min,h5,spectral_power
h5__eeg4_theta_power_mean_min,h5,spectral_power
h5__eeg4_theta_power_std_min,h5,spectral_power
h5__eeg4_theta_power_median_min,h5,spectral_power
h5__eeg4_theta_relative_power_mean_min,h5,spectral_power
h5__eeg4_theta_relative_power_std_min,h5,spectral_power
h5__eeg4_theta_relative_power_median_min,h5,spectral_power
h5__eeg4_alpha_power_mean_min,h5,spectral_power
h5__eeg4_alpha_power_std_min,h5,spectral_power
h5__eeg4_alpha_power_median_min,h5,spectral_power
h5__eeg4_alpha_relative_power_mean_min,h5,spectral_power
h5__eeg4_alpha_relative_power_std_min,h5,spectral_power
h5__eeg4_alpha_relative_power_median_min,h5,spectral_power
h5__eeg4_sigma_power_mean_min,h5,spectral_power
h5__eeg4_sigma_power_std_min,h5,spectral_power
h5__eeg4_sigma_power_median_min,h5,spectral_power
h5__eeg4_sigma_relative_power_mean_min,h5,spectral_power
h5__eeg4_sigma_relative_power_std_min,h5,spectral_power
h5__eeg4_sigma_relative_power_median_min,h5,spectral_power
h5__eeg4_beta_power_mean_min,h5,spectral_power
h5__eeg4_beta_power_std_min,h5,spectral_power
h5__eeg4_beta_power_median_min,h5,spectral_power
h5__eeg4_beta_relative_power_mean_min,h5,spectral_power
h5__eeg4_beta_relative_power_std_min,h5,spectral_power
h5__eeg4_beta_relative_power_median_min,h5,spectral_power
h5__eeg4_theta_alpha_ratio_mean_min,h5,spectral_ratio
h5__eeg4_theta_alpha_ratio_std_min,h5,spectral_ratio
h5__eeg4_theta_alpha_ratio_median_min,h5,spectral_ratio
h5__eeg4_delta_beta_ratio_mean_min,h5,spectral_ratio
h5__eeg4_delta_beta_ratio_std_min,h5,spectral_ratio
h5__eeg4_delta_beta_ratio_median_min,h5,spectral_ratio
h5__eeg4_delta_sigma_ratio_mean_min,h5,spectral_ratio
h5__eeg4_delta_sigma_ratio_std_min,h5,spectral_ratio
h5__eeg4_delta_sigma_ratio_median_min,h5,spectral_ratio
h5__n_epochs_max,h5,sleep_architecture
h5__wake_epochs_max,h5,sleep_architecture
h5__sleep_epochs_max,h5,sleep_architecture
h5__tst_minutes_from_hypnogram_max,h5,sleep_architecture
h5__sleep_efficiency_epoch_ratio_max,h5,sleep_architecture
h5__Wake_epochs_max,h5,sleep_architecture
h5__Wake_percentage_max,h5,sleep_architecture
h5__N1_epochs_max,h5,sleep_architecture
h5__N1_percentage_max,h5,sleep_architecture
h5__N2_epochs_max,h5,sleep_architecture
h5__N2_percentage_max,h5,sleep_architecture
h5__N3_epochs_max,h5,sleep_architecture
h5__N3_percentage_max,h5,sleep_architecture
h5__REM_epochs_max,h5,sleep_architecture
h5__REM_percentage_max,h5,sleep_architecture
h5__eeg1_mean_mean_max,h5,time_domain
h5__eeg1_mean_std_max,h5,time_domain
h5__eeg1_mean_median_max,h5,time_domain
h5__eeg1_std_mean_max,h5,time_domain
h5__eeg1_std_std_max,h5,time_domain
h5__eeg1_std_median_max,h5,time_domain
h5__eeg1_iqr_mean_max,h5,time_domain
h5__eeg1_iqr_std_max,h5,time_domain
h5__eeg1_iqr_median_max,h5,time_domain
h5__eeg1_skew_mean_max,h5,time_domain
h5__eeg1_skew_std_max,h5,time_domain
h5__eeg1_skew_median_max,h5,time_domain
h5__eeg1_kurtosis_mean_max,h5,time_domain
h5__eeg1_kurtosis_std_max,h5,time_domain
h5__eeg1_kurtosis_median_max,h5,time_domain
h5__eeg1_zero_crossings_mean_max,h5,time_domain
h5__eeg1_zero_crossings_std_max,h5,time_domain
h5__eeg1_zero_crossings_median_max,h5,time_domain
h5__eeg1_hjorth_mobility_mean_max,h5,hjorth
h5__eeg1_hjorth_mobility_std_max,h5,hjorth
h5__eeg1_hjorth_mobility_median_max,h5,hjorth
h5__eeg1_hjorth_complexity_mean_max,h5,hjorth
h5__eeg1_hjorth_complexity_std_max,h5,hjorth
h5__eeg1_hjorth_complexity_median_max,h5,hjorth
h5__eeg1_total_power_0p5_30_mean_max,h5,spectral_power
h5__eeg1_total_power_0p5_30_std_max,h5,spectral_power
h5__eeg1_total_power_0p5_30_median_max,h5,spectral_power
h5__eeg1_delta_power_mean_max,h5,spectral_power
h5__eeg1_delta_power_std_max,h5,spectral_power
h5__eeg1_delta_power_median_max,h5,spectral_power
h5__eeg1_delta_relative_power_mean_max,h5,spectral_power
h5__eeg1_delta_relative_power_std_max,h5,spectral_power
h5__eeg1_delta_relative_power_median_max,h5,spectral_power
h5__eeg1_theta_power_mean_max,h5,spectral_power
h5__eeg1_theta_power_std_max,h5,spectral_power
h5__eeg1_theta_power_median_max,h5,spectral_power
h5__eeg1_theta_relative_power_mean_max,h5,spectral_power
h5__eeg1_theta_relative_power_std_max,h5,spectral_power
h5__eeg1_theta_relative_power_median_max,h5,spectral_power
h5__eeg1_alpha_power_mean_max,h5,spectral_power
h5__eeg1_alpha_power_std_max,h5,spectral_power
h5__eeg1_alpha_power_median_max,h5,spectral_power
h5__eeg1_alpha_relative_power_mean_max,h5,spectral_power
h5__eeg1_alpha_relative_power_std_max,h5,spectral_power
h5__eeg1_alpha_relative_power_median_max,h5,spectral_power
h5__eeg1_sigma_power_mean_max,h5,spectral_power
h5__eeg1_sigma_power_std_max,h5,spectral_power
h5__eeg1_sigma_power_median_max,h5,spectral_power
h5__eeg1_sigma_relative_power_mean_max,h5,spectral_power
h5__eeg1_sigma_relative_power_std_max,h5,spectral_power
h5__eeg1_sigma_relative_power_median_max,h5,spectral_power
h5__eeg1_beta_power_mean_max,h5,spectral_power
h5__eeg1_beta_power_std_max,h5,spectral_power
h5__eeg1_beta_power_median_max,h5,spectral_power
h5__eeg1_beta_relative_power_mean_max,h5,spectral_power
h5__eeg1_beta_relative_power_std_max,h5,spectral_power
h5__eeg1_beta_relative_power_median_max,h5,spectral_power
h5__eeg1_theta_alpha_ratio_mean_max,h5,spectral_ratio
h5__eeg1_theta_alpha_ratio_std_max,h5,spectral_ratio
h5__eeg1_theta_alpha_ratio_median_max,h5,spectral_ratio
h5__eeg1_delta_beta_ratio_mean_max,h5,spectral_ratio
h5__eeg1_delta_beta_ratio_std_max,h5,spectral_ratio
h5__eeg1_delta_beta_ratio_median_max,h5,spectral_ratio
h5__eeg1_delta_sigma_ratio_mean_max,h5,spectral_ratio
h5__eeg1_delta_sigma_ratio_std_max,h5,spectral_ratio
h5__eeg1_delta_sigma_ratio_median_max,h5,spectral_ratio
h5__eeg2_mean_mean_max,h5,time_domain
h5__eeg2_mean_std_max,h5,time_domain
h5__eeg2_mean_median_max,h5,time_domain
h5__eeg2_std_mean_max,h5,time_domain
h5__eeg2_std_std_max,h5,time_domain
h5__eeg2_std_median_max,h5,time_domain
h5__eeg2_iqr_mean_max,h5,time_domain
h5__eeg2_iqr_std_max,h5,time_domain
h5__eeg2_iqr_median_max,h5,time_domain
h5__eeg2_skew_mean_max,h5,time_domain
h5__eeg2_skew_std_max,h5,time_domain
h5__eeg2_skew_median_max,h5,time_domain
h5__eeg2_kurtosis_mean_max,h5,time_domain
h5__eeg2_kurtosis_std_max,h5,time_domain
h5__eeg2_kurtosis_median_max,h5,time_domain
h5__eeg2_zero_crossings_mean_max,h5,time_domain
h5__eeg2_zero_crossings_std_max,h5,time_domain
h5__eeg2_zero_crossings_median_max,h5,time_domain
h5__eeg2_hjorth_mobility_mean_max,h5,hjorth
h5__eeg2_hjorth_mobility_std_max,h5,hjorth
h5__eeg2_hjorth_mobility_median_max,h5,hjorth
h5__eeg2_hjorth_complexity_mean_max,h5,hjorth
h5__eeg2_hjorth_complexity_std_max,h5,hjorth
h5__eeg2_hjorth_complexity_median_max,h5,hjorth
h5__eeg2_total_power_0p5_30_mean_max,h5,spectral_power
h5__eeg2_total_power_0p5_30_std_max,h5,spectral_power
h5__eeg2_total_power_0p5_30_median_max,h5,spectral_power
h5__eeg2_delta_power_mean_max,h5,spectral_power
h5__eeg2_delta_power_std_max,h5,spectral_power
h5__eeg2_delta_power_median_max,h5,spectral_power
h5__eeg2_delta_relative_power_mean_max,h5,spectral_power
h5__eeg2_delta_relative_power_std_max,h5,spectral_power
h5__eeg2_delta_relative_power_median_max,h5,spectral_power
h5__eeg2_theta_power_mean_max,h5,spectral_power
h5__eeg2_theta_power_std_max,h5,spectral_power
h5__eeg2_theta_power_median_max,h5,spectral_power
h5__eeg2_theta_relative_power_mean_max,h5,spectral_power
h5__eeg2_theta_relative_power_std_max,h5,spectral_power
h5__eeg2_theta_relative_power_median_max,h5,spectral_power
h5__eeg2_alpha_power_mean_max,h5,spectral_power
h5__eeg2_alpha_power_std_max,h5,spectral_power
h5__eeg2_alpha_power_median_max,h5,spectral_power
h5__eeg2_alpha_relative_power_mean_max,h5,spectral_power
h5__eeg2_alpha_relative_power_std_max,h5,spectral_power
h5__eeg2_alpha_relative_power_median_max,h5,spectral_power
h5__eeg2_sigma_power_mean_max,h5,spectral_power
h5__eeg2_sigma_power_std_max,h5,spectral_power
h5__eeg2_sigma_power_median_max,h5,spectral_power
h5__eeg2_sigma_relative_power_mean_max,h5,spectral_power
h5__eeg2_sigma_relative_power_std_max,h5,spectral_power
h5__eeg2_sigma_relative_power_median_max,h5,spectral_power
h5__eeg2_beta_power_mean_max,h5,spectral_power
h5__eeg2_beta_power_std_max,h5,spectral_power
h5__eeg2_beta_power_median_max,h5,spectral_power
h5__eeg2_beta_relative_power_mean_max,h5,spectral_power
h5__eeg2_beta_relative_power_std_max,h5,spectral_power
h5__eeg2_beta_relative_power_median_max,h5,spectral_power
h5__eeg2_theta_alpha_ratio_mean_max,h5,spectral_ratio
h5__eeg2_theta_alpha_ratio_std_max,h5,spectral_ratio
h5__eeg2_theta_alpha_ratio_median_max,h5,spectral_ratio
h5__eeg2_delta_beta_ratio_mean_max,h5,spectral_ratio
h5__eeg2_delta_beta_ratio_std_max,h5,spectral_ratio
h5__eeg2_delta_beta_ratio_median_max,h5,spectral_ratio
h5__eeg2_delta_sigma_ratio_mean_max,h5,spectral_ratio
h5__eeg2_delta_sigma_ratio_std_max,h5,spectral_ratio
h5__eeg2_delta_sigma_ratio_median_max,h5,spectral_ratio
h5__eeg3_mean_mean_max,h5,time_domain
h5__eeg3_mean_std_max,h5,time_domain
h5__eeg3_mean_median_max,h5,time_domain
h5__eeg3_std_mean_max,h5,time_domain
h5__eeg3_std_std_max,h5,time_domain
h5__eeg3_std_median_max,h5,time_domain
h5__eeg3_iqr_mean_max,h5,time_domain
h5__eeg3_iqr_std_max,h5,time_domain
h5__eeg3_iqr_median_max,h5,time_domain
h5__eeg3_skew_mean_max,h5,time_domain
h5__eeg3_skew_std_max,h5,time_domain
h5__eeg3_skew_median_max,h5,time_domain
h5__eeg3_kurtosis_mean_max,h5,time_domain
h5__eeg3_kurtosis_std_max,h5,time_domain
h5__eeg3_kurtosis_median_max,h5,time_domain
h5__eeg3_zero_crossings_mean_max,h5,time_domain
h5__eeg3_zero_crossings_std_max,h5,time_domain
h5__eeg3_zero_crossings_median_max,h5,time_domain
h5__eeg3_hjorth_mobility_mean_max,h5,hjorth
h5__eeg3_hjorth_mobility_std_max,h5,hjorth
h5__eeg3_hjorth_mobility_median_max,h5,hjorth
h5__eeg3_hjorth_complexity_mean_max,h5,hjorth
h5__eeg3_hjorth_complexity_std_max,h5,hjorth
h5__eeg3_hjorth_complexity_median_max,h5,hjorth
h5__eeg3_total_power_0p5_30_mean_max,h5,spectral_power
h5__eeg3_total_power_0p5_30_std_max,h5,spectral_power
h5__eeg3_total_power_0p5_30_median_max,h5,spectral_power
h5__eeg3_delta_power_mean_max,h5,spectral_power
h5__eeg3_delta_power_std_max,h5,spectral_power
h5__eeg3_delta_power_median_max,h5,spectral_power
h5__eeg3_delta_relative_power_mean_max,h5,spectral_power
h5__eeg3_delta_relative_power_std_max,h5,spectral_power
h5__eeg3_delta_relative_power_median_max,h5,spectral_power
h5__eeg3_theta_power_mean_max,h5,spectral_power
h5__eeg3_theta_power_std_max,h5,spectral_power
h5__eeg3_theta_power_median_max,h5,spectral_power
h5__eeg3_theta_relative_power_mean_max,h5,spectral_power
h5__eeg3_theta_relative_power_std_max,h5,spectral_power
h5__eeg3_theta_relative_power_median_max,h5,spectral_power
h5__eeg3_alpha_power_mean_max,h5,spectral_power
h5__eeg3_alpha_power_std_max,h5,spectral_power
h5__eeg3_alpha_power_median_max,h5,spectral_power
h5__eeg3_alpha_relative_power_mean_max,h5,spectral_power
h5__eeg3_alpha_relative_power_std_max,h5,spectral_power
h5__eeg3_alpha_relative_power_median_max,h5,spectral_power
h5__eeg3_sigma_power_mean_max,h5,spectral_power
h5__eeg3_sigma_power_std_max,h5,spectral_power
h5__eeg3_sigma_power_median_max,h5,spectral_power
h5__eeg3_sigma_relative_power_mean_max,h5,spectral_power
h5__eeg3_sigma_relative_power_std_max,h5,spectral_power
h5__eeg3_sigma_relative_power_median_max,h5,spectral_power
h5__eeg3_beta_power_mean_max,h5,spectral_power
h5__eeg3_beta_power_std_max,h5,spectral_power
h5__eeg3_beta_power_median_max,h5,spectral_power
h5__eeg3_beta_relative_power_mean_max,h5,spectral_power
h5__eeg3_beta_relative_power_std_max,h5,spectral_power
h5__eeg3_beta_relative_power_median_max,h5,spectral_power
h5__eeg3_theta_alpha_ratio_mean_max,h5,spectral_ratio
h5__eeg3_theta_alpha_ratio_std_max,h5,spectral_ratio
h5__eeg3_theta_alpha_ratio_median_max,h5,spectral_ratio
h5__eeg3_delta_beta_ratio_mean_max,h5,spectral_ratio
h5__eeg3_delta_beta_ratio_std_max,h5,spectral_ratio
h5__eeg3_delta_beta_ratio_median_max,h5,spectral_ratio
h5__eeg3_delta_sigma_ratio_mean_max,h5,spectral_ratio
h5__eeg3_delta_sigma_ratio_std_max,h5,spectral_ratio
h5__eeg3_delta_sigma_ratio_median_max,h5,spectral_ratio
h5__eeg4_mean_mean_max,h5,time_domain
h5__eeg4_mean_std_max,h5,time_domain
h5__eeg4_mean_median_max,h5,time_domain
h5__eeg4_std_mean_max,h5,time_domain
h5__eeg4_std_std_max,h5,time_domain
h5__eeg4_std_median_max,h5,time_domain
h5__eeg4_iqr_mean_max,h5,time_domain
h5__eeg4_iqr_std_max,h5,time_domain
h5__eeg4_iqr_median_max,h5,time_domain
h5__eeg4_skew_mean_max,h5,time_domain
h5__eeg4_skew_std_max,h5,time_domain
h5__eeg4_skew_median_max,h5,time_domain
h5__eeg4_kurtosis_mean_max,h5,time_domain
h5__eeg4_kurtosis_std_max,h5,time_domain
h5__eeg4_kurtosis_median_max,h5,time_domain
h5__eeg4_zero_crossings_mean_max,h5,time_domain
h5__eeg4_zero_crossings_std_max,h5,time_domain
h5__eeg4_zero_crossings_median_max,h5,time_domain
h5__eeg4_hjorth_mobility_mean_max,h5,hjorth
h5__eeg4_hjorth_mobility_std_max,h5,hjorth
h5__eeg4_hjorth_mobility_median_max,h5,hjorth
h5__eeg4_hjorth_complexity_mean_max,h5,hjorth
h5__eeg4_hjorth_complexity_std_max,h5,hjorth
h5__eeg4_hjorth_complexity_median_max,h5,hjorth
h5__eeg4_total_power_0p5_30_mean_max,h5,spectral_power
h5__eeg4_total_power_0p5_30_std_max,h5,spectral_power
h5__eeg4_total_power_0p5_30_median_max,h5,spectral_power
h5__eeg4_delta_power_mean_max,h5,spectral_power
h5__eeg4_delta_power_std_max,h5,spectral_power
h5__eeg4_delta_power_median_max,h5,spectral_power
h5__eeg4_delta_relative_power_mean_max,h5,spectral_power
h5__eeg4_delta_relative_power_std_max,h5,spectral_power
h5__eeg4_delta_relative_power_median_max,h5,spectral_power
h5__eeg4_theta_power_mean_max,h5,spectral_power
h5__eeg4_theta_power_std_max,h5,spectral_power
h5__eeg4_theta_power_median_max,h5,spectral_power
h5__eeg4_theta_relative_power_mean_max,h5,spectral_power
h5__eeg4_theta_relative_power_std_max,h5,spectral_power
h5__eeg4_theta_relative_power_median_max,h5,spectral_power
h5__eeg4_alpha_power_mean_max,h5,spectral_power
h5__eeg4_alpha_power_std_max,h5,spectral_power
h5__eeg4_alpha_power_median_max,h5,spectral_power
h5__eeg4_alpha_relative_power_mean_max,h5,spectral_power
h5__eeg4_alpha_relative_power_std_max,h5,spectral_power
h5__eeg4_alpha_relative_power_median_max,h5,spectral_power
h5__eeg4_sigma_power_mean_max,h5,spectral_power
h5__eeg4_sigma_power_std_max,h5,spectral_power
h5__eeg4_sigma_power_median_max,h5,spectral_power
h5__eeg4_sigma_relative_power_mean_max,h5,spectral_power
h5__eeg4_sigma_relative_power_std_max,h5,spectral_power
h5__eeg4_sigma_relative_power_median_max,h5,spectral_power
h5__eeg4_beta_power_mean_max,h5,spectral_power
h5__eeg4_beta_power_std_max,h5,spectral_power
h5__eeg4_beta_power_median_max,h5,spectral_power
h5__eeg4_beta_relative_power_mean_max,h5,spectral_power
h5__eeg4_beta_relative_power_std_max,h5,spectral_power
h5__eeg4_beta_relative_power_median_max,h5,spectral_power
h5__eeg4_theta_alpha_ratio_mean_max,h5,spectral_ratio
h5__eeg4_theta_alpha_ratio_std_max,h5,spectral_ratio
h5__eeg4_theta_alpha_ratio_median_max,h5,spectral_ratio
h5__eeg4_delta_beta_ratio_mean_max,h5,spectral_ratio
h5__eeg4_delta_beta_ratio_std_max,h5,spectral_ratio
h5__eeg4_delta_beta_ratio_median_max,h5,spectral_ratio
h5__eeg4_delta_sigma_ratio_mean_max,h5,spectral_ratio
h5__eeg4_delta_sigma_ratio_std_max,h5,spectral_ratio
h5__eeg4_delta_sigma_ratio_median_max,h5,spectral_ratio
